id,province
0,北京
0,云南
1,广东
2,贵州
3,湖南
4,忠州
4,重庆
5,河南
5,武陟
6,江苏
6,姑苏区
6,西馆
8,河南
9,浙江
9,缙云
9,陕西
9,黄陵
9,河南
9,新郑
10,山西
10,盐湖区
11,玉树州
11,北京
11,上海
12,妈祖
12,福建
12,浙江
12,江西
12,港澳
12,古田
13,沂蒙
15,湖南
16,黑龙江
16,北京
17,盐湖区
18,浙江
18,梅城镇
19,四川
19,台湾
20,光大
21,新疆
22,广东
22,金平区
23,香港
23,顶虚
24,陕西
25,贵州
25,美国
26,辽宁
27,广西
28,上海
28,河间
29,山东
30,麦积区
30,温来弟
32,西柏坡
34,上海
35,江苏
35,崇川区
36,山东
36,重庆
36,齐鲁
37,江苏
37,美国
38,浙江
40,河南
40,中国
40,日本
40,韩国
41,上海
42,河南
45,湖南
46,贵州
46,南明区
47,彝族
50,敦煌
50,甘肃
52,江苏
53,天津
53,埃塞俄比亚
53,南非
53,法国
53,意大利
53,葡萄牙
54,西藏
55,北京
56,北京
56,三里屯
59,阿坝州
59,马尔康
59,嘉绒
59,俄尔雅
60,北京
61,海南
61,聚焦文
62,湖南
62,湘
62,韶山
63,安徽
64,广东
65,安化
66,北京
68,湖南
69,江西
69,东乡
71,浙江
72,四川
73,北京
74,四川
75,湖南
76,云南
76,西山区
77,四川
79,浙江
80,浙江
81,贵州
82,贵州
82,土城
83,浙江
85,大陆
85,隶楷
86,浙江
86,新昌
87,内蒙古
87,广东
88,昌江水
88,昌江
88,昌江菜
89,湖北
89,孝南区
90,山东
90,市北区
91,西藏
92,贵州
92,黔东
92,黔东南州
93,江苏
94,广西
96,土城
96,贵州
97,白云区
98,新中国
98,豫西
98,陕东
98,晋中南
100,浙江
101,广西
105,特左
105,满洲里市
105,中国
105,俄
105,锡林浩特市
106,新疆
106,巴州
107,新疆
107,阿瓦提
109,日本
109,韩国
111,肥西
112,泉塘
113,广西
114,四川
114,北京
115,广西
116,四川
117,四川
118,四川
119,山东
120,安徽
120,北京
120,天津
120,河北
120,辽宁
120,吉林
120,上海
120,江苏
120,浙江
120,福建
120,江西
120,山东
120,河南
120,湖北
120,湖南
120,广东
120,重庆
120,四川
120,云南
120,宁夏
121,北京
124,新疆
125,浙江
126,江苏
128,粤
128,澳门
130,粤
130,香港
131,秭归
131,湖北
132,山东
132,博山
133,墨西哥
133,塔金
134,浙江杭州
138,河北
139,纽约
139,广西
140,庄浪
140,布设乡村
142,四川
142,安徽
142,蜀山区
143,推湖
144,普定
146,北京
148,宁夏
150,河北
152,浩特
153,北京
153,山东
153,曲阜
153,齐鲁
153,曲阜市
154,江苏
155,广西
155,粤
155,广东
155,香港
155,澳门
156,晋江
157,西藏
157,比藏
157,藏文化
158,广东
158,粤
160,甘肃
160,敦煌
160,旅游户
160,敦煌市
161,西藏
161,上海
162,河南
162,新疆
163,靖江市
167,湖南
168,四川
168,美名扬
169,海南
170,重庆
170,四川
171,广西
172,普吉
172,泰南
176,重庆市
177,两江
177,重庆
178,四川
179,石狮
179,福建
182,东方
183,大方
184,云南
184,彝族
184,蒙自市
184,蒙自
184,滇
185,意大利
185,中意
185,四川
185,重庆
187,广西
187,广西壮族
188,光大
189,湖南
193,湖北
193,美国
194,云南
195,吉林
200,上海
200,江苏
201,兰州
201,日本
201,敦煌
201,日中
201,中国
202,日本
203,浙江
205,中国
205,日本
205,韩国
206,北京
206,河南
206,南窖乡
206,灯谜会
207,辽宁
208,贵州
211,云南
211,海南
212,中国
212,广西
214,中宁
215,中尼
215,尼
215,中国
216,安徽
216,大观区
216,石化路
218,以艺
220,四川
223,四川
223,龙泉驿区
225,花桥
226,英国
226,北京
227,印尼
228,韩国
228,邢海明
228,首尔市
228,义乌市
228,江原道
228,义乌
228,中国
228,浙江
228,韩间
229,大阪
229,中国
229,日本
229,陕西
229,陕
230,奥克兰
230,日本
230,新西兰
230,印度
230,韩国
230,罗马尼亚
231,北京
232,江西
233,驻华
234,驻韩
234,邢海明
234,以
234,韩国
234,美林
234,中国
235,北京
238,中国式
239,广东
239,西藏
239,山西
239,法国
239,香港
242,重庆
243,龙窝村
243,清镇市
243,清镇
243,贵州
244,福建
245,新加坡
246,北京
246,浙江
246,浦江
246,中国
247,中华五千
250,广西
251,安徽
252,重庆
254,宁夏
255,鲁山
255,河南
259,天津
261,福建
263,福建
265,贵州
265,广东
267,北京
268,江西
268,东乡区
270,山西
271,黄帝千
271,河南
273,闽
274,贵州
274,北京
274,天津
274,粤
278,江西
283,浦东
285,山西
286,山西
286,平遥
289,西藏
290,上海
290,陕西
290,浙江
297,粤
297,宝安
298,贵州
298,旅游而盛
300,镇远
300,贵州
300,云南
300,缅甸
301,韩国
301,江苏
302,山东
302,江苏
304,博物馆型
304,北京
305,贞丰
305,布依
307,浙江
308,浙江
309,浙江
312,山东
313,山东
313,美国
313,齐鲁
315,青海
316,贵州
316,黔西
320,湘
320,湖南
320,安徽
321,上海
322,辽宁
323,江苏
326,大武口区
326,大武口
326,龙泉村
327,张园
327,贝家骧
327,上海
327,中西合璧
328,四川
329,贵州
329,陕西
336,贵州
337,浙江
338,北京
339,新郑
340,中华世纪坛艺术馆执行馆长冀鹏程
343,西藏
343,索吉
344,文成
345,天津
347,山西
348,福建
349,北京
351,上海
352,浙江
352,凤桥镇
353,浚
354,浙江
355,汝州
358,北张庄村
358,台前
367,上海
367,甘肃
368,贵州
368,雷山
369,中国
369,法
369,法国
370,黎巴嫩
370,卡德摩斯
373,后海
373,广东
374,彝族
374,普冲村
374,富源
375,四川
376,光大
376,山西
377,广东
377,马府
377,海阳
378,香港
379,江苏
380,海南
380,三亚千古情
380,西岛
381,望城
383,阜康市
383,山西
383,新疆
385,湖南
386,山东
391,福建
391,南洋
391,美国
392,印江
395,抗日
395,粤
398,河南
398,湖北
399,哲庄镇
400,北京
400,皮雕雪花
401,北京
402,长汀
402,福建
402,马罗
403,河南
404,湖南
405,湖南
406,浙江
406,上海
407,上海
407,浙江
408,长清区
408,金
408,港
409,川大
409,川
409,川南
409,奔重庆
410,河南
411,湖北
412,吉林
413,吉林
416,章丘
417,内蒙古
418,安徽
419,河北
419,香河
420,黑龙江
421,平南
421,广西
421,覃塘区
421,桂平市
422,内蒙古
422,旅集
423,辽宁
424,福建
425,美国
426,陕西
426,汉
427,宁夏
427,川)
429,辽宁
431,新疆
432,花溪
432,贵州
433,藏文化
433,北两馆
433,汉
433,蒙古
433,青海
435,四川
437,北京
441,澳门
441,上海
442,西湖村
442,美国
443,石鉴
443,德
446,青海
451,美国
456,浙江
457,浙江
457,甘肃
457,甘州区
457,山东
457,江苏
457,贾汪区
457,马庄村
458,浙江
458,永康
458,浦江
460,上海
460,台北
460,台湾
460,沪
460,台
460,两岸
461,江苏
461,安徽
461,河南
461,隋唐洛阳城
461,甘肃
461,古浪
461,泗水
461,镇光辉村
461,东京
462,江苏
462,安徽
462,河南
462,隋唐洛阳城
462,甘肃
462,古浪
462,泗水
462,镇光辉村
462,东京
463,北京
464,内蒙古
465,山东
466,浙江
467,河南
468,贵州
469,澳门
470,达布
470,格桑次仁
474,彝族
477,陕西
478,浙江
478,北京
478,上海
478,江苏
478,福建
478,广东
478,湖北
478,四川
478,陕西
478,天津
481,山东
481,即墨
482,辽宁
483,敦煌
483,西夏
485,秭归
486,西藏
487,湖北
488,长汀
489,新疆
490,四川
493,浙江
494,广东
495,浙江
498,湖北
498,河南
498,光大
500,海南
503,西藏
504,洛碛镇
505,水北
506,水小区
509,江苏
511,四川
513,日本
517,宁夏
518,贵州
520,贵州
520,山东
520,河南
520,广东
520,北京
520,陕西
520,四川
520,河北
520,江苏
520,大曲酒
521,河南
521,洛龙区
522,宁夏
524,天津
524,新疆
528,江苏
529,竹溪
529,湖北
529,清为
529,美国
531,北京
532,上海
533,江西
533,日本
534,陕西
534,南郑
536,马来西亚
537,双峰
538,瑶族
540,贵州
540,重庆
540,雷山
542,浦东
543,新疆
543,白碱滩区
544,四川
544,台
544,绵竹市
545,浙江
546,平阳
546,浙江
547,安徽
548,内蒙古
548,巴林左旗
548,辽宁
548,浙江
549,木黄
550,上海市
550,沪
551,南非
551,巴西
551,俄罗斯
551,印度
551,戈拉纳雅克
551,希腊
551,美国
552,北京
553,四川
554,隆德
555,辽宁
555,奉天
557,辽宁
558,两岸
558,台湾
558,大陆
558,湖北
559,贵州
561,广西
562,英国
563,英国
564,北京
565,福泉市
565,新疆维吾尔
565,福海
565,江西
565,云南
566,北京
568,内蒙古
570,北京
570,浙江
572,甘肃
572,河州
574,北京
577,南陵
579,江西
580,吉林
581,山西
582,日本
582,中方
583,天津市
583,天津
583,文旅局
584,上海
586,上海
586,豫园
586,上海市
588,浙江
588,德清
591,四川
592,安徽
595,北京
596,贵州
596,黎平
597,贵州
599,海南
600,福建
601,惠山区
606,安徽
607,北京
607,王府井
608,北京
608,王府井
609,诸暨
610,敦煌
610,甘肃
610,文旅厅
612,美国
612,西文版
613,安徽
613,皖
614,贵州
615,福建
615,罗源
618,黄梅
618,贵州
619,岑溪市
621,肥西
623,重庆
624,四川
624,日本
625,北京
625,中关村
626,拓眼界
626,云南
628,北京
628,西单
628,新场
629,北京
629,马庄
629,四川
629,金堂
630,北京
631,河南
631,海南
631,青海海
631,西州
631,甘肃
632,大陆
633,福建
633,美国
634,北京
636,广西
637,内蒙古
638,北京
640,重庆市
640,重庆
640,四川
641,福建
641,福往福
642,北京
644,壮族
647,辽宁
648,叙
652,山东
653,山西
654,浙江
655,云岩区
655,贵州
656,云南
656,广南壮族
656,文山州
657,上海
658,法国
659,云中回
659,回龙
660,河南
661,河南
663,吉林
664,重庆
666,贵州
667,湖南
667,君山区
668,北京
668,天坛月季
670,北京
671,湖南
672,黑龙江
672,西大直街
672,木介街
674,布拉克村
675,北京
675,中国
675,美国
677,北京
677,西藏
677,纳木
677,上海
677,江苏
678,重庆
679,吉林长
679,吉林
679,木帮
679,山东
681,川西
681,崇州
681,四川
682,新疆
683,福建
684,玉山
685,广西
695,浙江
698,新疆
699,香港
703,四川
703,李菲菲
704,镇远
704,思南
704,平塘
704,贵州
706,北京
708,陕西
708,横山区委
709,重庆
710,广西
710,青秀区
710,壮族
711,海南
711,昌江
712,浙江
713,重庆市
713,重庆
715,周青
717,北京
719,甘肃
719,兰州
719,敦煌
719,金城楼
720,勉
721,浙江
722,北京
722,康庄镇
724,江西
725,江西
726,陕西
726,柞水
728,浙江
729,海南
730,李家村
730,河南
730,河北
730,陕西
730,甘肃
730,秦安
732,湖南
733,新疆
733,美国
734,法国
734,中国
734,法
736,内蒙古
736,日本
737,新疆
738,广西
739,辽宁
740,兰州
742,广西
742,抗日
743,贵州
744,广东
744,河南
744,阿蛮
744,上海
744,湖北
744,江苏
744,江西
745,北京
746,北京
746,北京城
747,陕西
748,北京
750,富顺
750,板桥镇
751,双流
752,川
752,江西
753,北京
754,福建
756,湖南
757,浙江
757,义乌
757,横店
757,东阳
760,北京
761,四川
761,龙泉驿区
761,上海
761,西藏
762,云南大理
762,云南
762,北京
762,白族
763,陕西
764,青海
764,西宁河
766,浙江
767,中国
767,韩国
773,广西
775,敦煌
775,中国
775,日本
775,韩国
775,敦煌市
775,浙江
775,九州市
776,上海
776,福州路
776,西藏
776,江苏
776,浙江
777,罗马
777,巴洛克
777,天津市
777,天津
779,严从紧
780,兰州市
782,驻华
782,北京
782,沪
784,北京
785,北京
786,新疆
787,云南
787,北京
787,金
788,西湖区
788,浙江
789,江西
791,印度
791,云冈
791,山西
793,宜教
794,云南
795,河北
800,轻文化
801,贵州
802,海南
804,山东
804,齐鲁
805,龙草
806,顶虚
806,香港
807,马来西亚
807,闽
807,波罗洲岛
807,砂拉越
807,拉让
807,诗巫
807,福建
809,桂平市
811,新疆
811,山东
812,和平区
812,夜酒
812,辽宁
815,北京
816,北京
817,河北
818,北京
819,江苏
820,海南
821,宜阳
821,河南
822,四川
822,赤水
823,沂蒙
823,山东
824,安徽
825,安徽
826,西递
827,内蒙古
828,安仁
828,民国
828,川西
830,四川
830,倪家
833,上海
834,湖北
835,汉牡丹园
835,汉
835,柏乡
835,河北
836,希腊
839,辽宁
840,浦东
840,德国
840,中德
840,北平
841,海南
841,美孝村
842,山东
842,齐鲁
842,曲阜
842,海文化
843,辽宁
843,马耳山
844,上海
846,日本
846,中国
847,江西
848,浙江
850,湖南
851,广西
851,程阳
853,金山
853,贵州
854,上海
855,北京
856,阳翰笙
856,抗日
856,武昌
857,上海
857,越南
858,北京
859,江苏
859,东台
861,上海
861,文化焕
863,饼上
863,光大
864,新西兰
866,河南
866,温
869,辽宁
870,新疆
870,艾日克村
870,洛浦
871,贵州
872,北京城
874,广东
875,中宁
875,宁夏
877,日本
877,韩国
878,美国
879,美国
880,淇滨区
881,敦煌
884,重庆
884,川东
885,江苏
887,上海
888,辽宁
890,澳
890,浦东
890,湖南
891,富起
892,科右
892,巴音
896,链完
897,白马寺
897,汉魏洛阳
897,隋唐洛阳城
898,四川
899,江苏
900,香港
900,中西合璧
902,阐释力
903,广东
906,江苏
907,河南
907,渑池
908,河南
909,河南
910,缅甸
910,仰光
910,中缅
910,北京
911,洋洞村
912,洋洞村
913,上海
914,安徽
914,马郢·乡村
914,马郢乡村
915,福建
915,日本
916,河北
917,河北
919,新疆
920,浙江
920,余姚
921,美国
922,安徽
923,江苏
924,河北
925,三都水族自治
926,江苏
927,北京
927,巴黎
927,广东
927,兰州
927,敦煌
928,海南
928,东方市
930,土家
931,北京
932,江苏
933,北京
934,北京
935,北京
936,北京
937,亚丁
937,中国
937,法
937,中文化
938,逊克
939,贵州
939,雷山
939,彝族
941,山西
943,北京
944,福建
945,上海
946,以桑
947,布达佩斯
947,匈牙利
947,北京
948,海南
948,黎
949,浙江
950,北京
951,江苏
951,回龙
951,河南
951,瓜州
951,陕西
956,湖南
956,瑞典
956,美国
956,法国
956,阿根廷
956,香港
957,兴业
959,河北
959,东光
960,兴城
961,荥阳市汜水村
961,河南
962,苏
964,浙江
967,新中国
968,河南
970,福建
970,新西兰
973,山东
974,汉沽
974,游购娱
974,钟晗
975,新疆
975,库尔勒市
976,洛城
976,河南
977,新疆
977,乌什
979,新疆
980,新疆
981,新疆
982,新疆
985,福建
986,东京
986,日本
986,中国
987,福建
988,湖南
988,湖南长
988,台
988,台生
989,宁夏
990,伊斯兰堡
990,旁遮普
990,拉合尔
990,四川
991,雅典
991,希腊
992,陕西
993,湖北
993,云端话
993,江夏
993,台湾
993,江苏
993,广东
993,福建
993,两岸
993,朝
994,苏瓦
994,苏瓦市
994,斐济
995,广东
996,上海
996,上海市
997,上海
998,浙江
998,两岸
998,甬
998,台
998,古
998,港
998,台湾
999,广西
999,日本
1000,江苏
1001,罗马
1001,福建
1001,意大利
1001,意大利帕多瓦
1001,帕多瓦
1001,大利
1001,法国
1001,德国
1001,比利时
1001,奥地利
1001,捷克
1001,英国
1001,巴伐利亚
1001,瓦隆
1002,云南
1002,腾冲
1002,彝族
1002,左脚舞
1003,山东
1004,天津
1004,香港
1004,港
1004,港式
1005,安徽
1005,阿塞拜疆
1006,澳门
1006,港澳
1007,北京
1008,浙江
1008,泰
1009,香港
1010,西藏
1011,队鼓
1012,惠灵顿
1012,新西兰
1012,新疆
1013,浙江
1013,日本
1013,韩国
1013,中国
1014,甘肃
1014,敦煌
1015,日本
1015,四川
1015,壤巴拉
1015,文化焕
1017,西藏
1017,康巴藏
1018,广西
1019,四川
1019,广汉市
1020,北京
1021,北京
1022,北京
1023,北京
1024,北京
1025,北京
1026,北京
1027,北京
1028,北京
1029,北京
1030,北京
1031,北京
1032,北京
1032,湖北
1033,北京
1034,北京
1035,澳门
1036,法国
1038,福建
1038,古榕小巷
1039,北京
1039,陕西
1039,山西
1039,浙江
1042,忻城
1042,巴
1043,兰州
1044,河北
1044,顺平
1046,西藏
1046,阿旺晋美
1047,博爱
1049,浦南
1049,吴二
1050,贵州
1051,山东
1051,清区
1052,嵩
1052,四会
1052,德
1055,沪
1055,苏
1055,浙江
1055,江苏
1055,安徽
1057,潮汕
1057,广东
1058,上海
1060,湖北
1060,东帝汶
1060,孟加拉
1060,贝宁
1060,美国
1060,江夏
1061,宁夏
1065,葛氏
1065,葛天乐舞
1065,河南
1067,港
1067,广东
1068,广西
1069,四川
1071,湖南
1072,湖南
1072,井冈山
1072,平江
1073,香港
1074,贵州
1077,鼓楼区
1079,兰州
1079,皋兰
1079,以德化民
1080,浙江
1080,南湖区
1080,大桥镇
1080,德润心
1080,嘉善
1080,桐乡市
1083,云南
1083,大理州
1083,剑川
1084,村
1085,四川
1087,广西
1088,广西
1089,竹产品
1089,四川
1090,洛龙区
1091,广西
1091,港
1092,北京
1093,辽宁
1094,广东
1094,黄圃镇
1095,上海
1097,洛龙区
1099,海南
1099,定安
1099,临高
1100,福建
1100,云连线
1101,海南
1103,浙江
1104,北京
1104,敦煌
1104,上海
1104,广东
1104,四川
1107,闽王文化
1107,同安
1108,福建
1108,同安
1109,盐池
1109,陕甘宁
1110,延吉市
1111,福建
1112,浙江
1114,北京
1115,湖北
1116,渑池
1119,浙江
1121,河北
1121,安徽
1123,河南
1123,渑池
1124,海不复回
1124,泾河
1124,齐鲁
1125,敦煌
1127,四川
1128,四川
1137,新疆
1138,安向
1138,南非
1139,上海
1140,湖南
1140,湘
1140,江西
1143,香港
1143,粤
1145,李家山镇
1145,青海
1146,青海
1146,扶村
1147,青海
1148,瑶族
1148,彝族
1149,剑阁
1149,通江
1149,松潘
1149,四川
1149,新都区
1149,都江堰
1149,都江堰市
1149,邛崃市
1149,江油市
1149,旺苍
1151,西藏
1152,西藏日喀则
1152,上海
1152,西藏
1152,沪藏
1153,西北民
1154,西柏坡
1155,陕西
1156,陕西
1156,曲江
1157,陕西
1157,古丝绸之路
1158,舞钢市
1159,乳山
1160,甘肃
1162,湖北
1162,汉口
1162,汉
1163,硚口区
1163,湖北
1164,龙泉
1165,海南
1166,湖北
1167,武昌区
1167,湖北
1168,广西
1168,三江
1169,重庆
1171,内蒙古
1171,山西
1172,新疆
1172,新疆秦剧团
1173,陕西
1174,琅琊区
1175,河南
1176,敦煌
1177,敦煌
1178,重庆
1179,贵州
1179,黔商
1180,浙江
1181,云南
1181,湖南
1181,江苏
1183,堂始
1184,贵州
1185,湖南
1186,逛夜市
1186,共和新路
1186,上海
1186,四川
1187,山东
1189,乌兰巴托
1189,蒙古国
1189,蒙古
1189,中蒙
1189,乌兰巴托中国
1189,蒙方
1190,贵州
1191,湖南
1192,德国
1192,埃及
1193,苏
1193,北京
1193,江苏
1194,重庆市
1194,重庆
1195,龙口
1196,青海
1197,江苏
1198,古田
1198,福建
1199,海南
1201,切肉丝
1201,辽宁
1201,辽菜
1204,江苏
1206,新疆
1206,上海
1211,河南
1212,台湾
1212,大陆
1213,湖北
1213,新疆
1214,曹杨新村
1214,新中国
1216,香港
1222,广西
1224,吉林
1225,韦陈
1225,西林
1225,西平乡
1225,皿帖村
1225,云南
1225,北临者
1225,车村
1225,中寨
1225,木卡
1225,壮族
1226,津门
1227,文耀
1227,河北
1228,福建
1229,文溯阁
1230,广西
1231,山东
1233,海南
1234,甘肃
1235,山东
1236,拜城
1238,四川
1242,河北
1242,安次
1242,文安
1242,河廊
1244,马耳他
1245,田地区
1245,墨玉
1245,喀瓦克乡
1245,科瑞克村
1246,天津
1246,新疆
1246,田地区
1246,天津市
1250,北京
1252,江西
1252,于都
1254,贵州
1254,福满黔
1256,山东
1257,湖南
1258,湖南
1258,浏阳
1259,辽宁
1260,观山
1262,西班牙
1263,广西
1265,福建
1265,沙
1268,山西
1270,山西
1271,山西
1272,山西
1273,青海
1276,南明区
1276,南明
1277,湖北
1278,安徽
1279,西藏
1281,兴
1281,晋绥
1281,陕西
1284,颍上
1285,兴而
1287,兴而
1287,云岩区
1287,兴城
1288,兴而
1288,南明区
1288,贵州
1288,南明
1289,延吉市
1293,湖北
1293,洪山区
1293,洪山
1294,光大
1296,广东
1296,粤
1299,甘肃
1299,陕甘宁
1299,天津
1300,敦煌
1302,江苏
1302,江东
1304,甘肃
1304,美国
1305,天津
1306,白云区
1308,北京
1311,贵州
1312,青海
1312,西藏
1313,香港
1314,贵州
1314,四川
1315,江苏
1315,浙江
1315,天津
1318,广西
1318,武鸣
1318,壮族
1320,甘肃
1321,中国
1321,日本
1321,韩国
1321,山东
1322,新疆
1325,山东
1326,港澳
1326,大陆
1326,台湾
1327,山东
1327,云南
1327,河南
1327,广西
1328,河北
1329,驻华
1329,香港
1329,澳门特区
1331,上海市
1333,严从紧
1336,福建
1337,福建
1338,湖南
1339,福建
1339,古田
1340,陕西
1343,内乡
1344,江苏
1345,云南
1347,内蒙古
1348,肥东
1349,理论处
1350,山东
1351,宜兴
1351,华
1352,土家
1352,广西
1353,克孜尔乡
1354,北京
1355,湖南
1356,安徽
1357,忻城
1358,山东
1358,上海
1358,金山
1358,陕西户
1359,浙江
1360,四川
1361,蒙牛人
1362,重庆
1362,巴国
1362,讲活
1362,巴
1363,浙江
1364,新疆
1365,河南
1366,兰考
1367,北京
1368,北京
1369,辽宁
1370,浙江
1371,香山
1372,闽
1373,上海
1373,江苏
1373,浙江
1373,安徽
1373,沪
1373,苏
1377,海南
1378,海南
1380,新疆
1380,麦盖提
1381,波波糖
1381,普定
1381,贵州
1382,湖南
1383,铁力市
1384,敦化市
1386,旌德
1386,江村
1387,福建
1389,南后街
1389,闽
1389,福建
1390,浦东
1390,东方
1390,浦南
1390,周浦
1390,上海
1391,海南
1392,广西壮族
1392,广西
1396,昌江
1396,海南
1397,吉林
1399,奉新
1400,日土
1400,普兰
1401,海南
1402,广西
1402,美国
1403,狗街
1404,安宁市
1404,云南
1405,皮山
1406,宝丰
1407,吉林
1407,敦化市
1408,上海
1409,海南
1409,黎族
1410,重庆市
1410,重庆
1413,尚洁
1413,河南
1414,安徽
1415,黎平
1415,黔东南州
1416,河南
1416,朱仙镇
1416,北京
1416,张家湾镇
1416,天津
1417,河南
1417,朱仙镇
1417,北京
1417,张家湾镇
1417,天津
1418,武昌
1418,辛亥首义
1419,河北
1420,旧州
1420,田林
1421,罗山
1422,贵州
1423,广西
1424,青海
1425,四川
1426,山东
1428,铁力市
1429,江西
1430,枞阳
1431,金山
1431,吉林
1431,吉林长春文
1431,吉林长春
1434,云南
1435,新疆
1435,叶城
1435,伯西热克乡
1435,上海
1436,新疆
1436,田地区
1436,北京
1437,新疆
1437,上海市
1437,新疆喀什
1437,沪喀
1437,上海
1437,沪
1437,喀
1438,青海
1439,陕西
1440,新疆
1440,库车市
1442,章丘区
1442,山东
1443,安徽
1443,泾
1446,甘肃
1447,敦化市
1448,青海
1448,海西州德令哈市
1449,吉林
1449,台北
1451,上海
1453,吉林
1454,桃花始
1454,广电站
1455,湖南
1458,吉林
1459,海南
1459,琼崖
1461,河南
1463,安徽
1463,中华苏维埃
1465,重庆市
1467,敦化市
1467,敦化
1469,敦化市
1470,浙江
1472,美国
1473,浙江
1473,美国
1474,黑龙江
1474,杜尔伯特
1474,蒙古族
1474,龙江
1476,湖北
1477,福建
1477,闽
1479,福建
1479,南公祠
1480,普定
1481,内蒙古
1481,上海市
1481,上海
1482,内蒙古
1482,上海市
1482,上海
1483,新疆
1483,皮山
1483,安徽
1485,山东
1486,意大利
1486,泰国
1487,昌江
1487,黎族
1488,重庆
1488,中国
1489,敦化市
1491,北京
1492,贵州
1492,苟坝
1492,黔西南州
1493,四川
1494,辽宁
1495,日本
1495,辽宁
1496,新疆
1496,北京
1498,马耳他
1499,敦化市
1500,墨玉
1500,乌尔其乡
1500,博依村
1500,巴村
1501,内蒙古
1502,侯国大
1503,广西
1503,江州区
1503,广西壮族
1506,抗日
1506,内蒙古
1507,铁力
1510,广西
1511,昌江
1511,海南
1513,岭南
1513,广东
1520,敦化市
1521,鹿寨
1522,内蒙古
1524,洛龙区
1525,江西
1526,长乐
1528,普定
1530,汤阴
1531,广西
1532,天津
1533,贵州
1534,内蒙古
1535,海南
1536,海南
1537,黎平
1537,旅带
1538,黎族
1538,海南
1539,陕西
1540,贵州
1541,广东
1541,越秀区
1541,花都区
1543,姚柳芳
1545,云南
1549,河北
1549,东光
1551,二连浩特市
1552,日土
1555,山西
1561,安徽
1562,上海
1564,安徽
1566,陕西
1567,合浦
1568,阿联酋
1568,阿联酋站
1568,中国
1568,阿
1569,湖北
1570,苏
1570,青海
1571,绥阳
1572,西藏
1573,新疆
1573,山西
1573,晋昌
1573,昌吉州
1574,河北
1574,盐山
1574,东渡
1574,中国
1574,日本
1574,韩国
1576,慈善寺三年
1577,山西
1578,四川
1579,苗族
1580,贵州
1581,日习俗
1582,新疆
1583,安徽
1584,河北
1585,广西
1586,甘肃
1587,西藏
1588,黎平
1589,江苏
1590,海南
1591,黎平
1591,黎平城
1592,广西宁明
1593,湖北
1594,桃溪镇
1596,江苏
1598,北京
1599,内蒙古
1600,甘肃
1601,山西
1603,新疆
1603,上海
1603,巴楚
1603,琼库尔恰克乡
1603,多来提巴格乡
1604,四川
1605,新疆
1605,河南
1606,新疆
1606,上海市
1606,沪
1606,喀
1606,上海
1607,上海
1607,美兰湖
1608,关索戏
1609,河南
1610,浙江
1612,港北区
1613,江西
1613,瑞金市
1613,贵州
1613,剑河
1614,新疆
1614,水磨沟区
1615,中阳
1616,浦北
1617,房山区南窖乡
1617,南窖
1617,北京
1618,昭平
1618,惠万
1620,云南
1621,普定
1622,辽宁
1622,云上线
1622,云展览
1623,汉阴
1624,柯坪
1625,粽编
1626,江油市
1626,川北
1627,江苏
1629,广西
1630,安徽
1631,敦煌
1631,甘肃
1632,霍尔果斯
1633,江苏
1635,河北
1637,山东
1637,胶州市
1637,胶州
1639,美国
1640,美国
1641,青海
1642,齐鲁
1642,山东
1642,中国年氛围
1643,北京
1643,以
1644,贵州
1649,山东
1651,北京
1651,河北
1651,内蒙古
1653,云南
1654,江西
1657,河南
1658,贵州
1659,广东
1660,安徽
1661,西双版纳州
1662,福建
1663,安徽
1665,北京
1666,泗
1667,内蒙古
1667,上海市
1667,江苏
1667,上海
1668,北京
1670,广西
1671,河北
1671,莫桑比克
1672,内蒙古
1672,鄂温克旗
1672,马赛
1672,巴彦塔拉达
1673,威宁
1678,广西
1678,罗马尼亚
1678,瑞典
1678,越南
1678,泰国
1678,中国
1678,泰
1680,北京
1681,四川
1682,云南
1684,齐鲁
1685,广西
1686,广西
1687,甘肃
1688,山东
1690,枞阳
1690,安徽
1690,云南
1691,四川
1691,以
1692,澳门特区
1692,澳门
1692,澳
1695,上海
1696,上海
1697,临沭
1697,山东
1697,朱村
1700,浙江
1700,北京
1701,松秀园
1702,内蒙古
1702,陕西
1702,宁夏
1702,重庆
1702,四川
1702,上海
1702,广东
1703,贵州
1703,黔东南州
1703,赤水
1704,上海
1705,四川
1705,驻华
1705,希腊
1705,阿提卡
1711,以艺
1712,土耳其
1712,意大利
1712,驻华
1712,越南
1713,墨脱
1713,西藏
1714,浙江
1715,西藏
1715,北京
1716,韩联社
1716,江原道
1718,光大
1719,贵州
1719,苗族
1719,美国纽约
1720,藏棋
1721,河北
1721,朝鲜
1722,贵州
1723,重庆
1723,渝
1723,江苏
1723,上海
1723,浦东
1723,日本
1723,美国
1723,四川
1723,川东
1724,北京
1724,韩国
1724,首尔
1725,江苏
1725,六合区
1725,青海
1725,湟源
1726,重庆
1727,北京
1729,重庆
1730,安徽
1730,义安区
1730,中华白姜
1731,安徽
1731,桐城市
1734,美国
1735,海南
1739,四川
1740,上海
1742,福建
1743,阳朔
1743,瑶族
1743,广西
1744,大唐
1744,陕西
1745,澳门
1745,贵州
1746,广东
1747,北京
1747,王府井
1749,金沙
1751,红鹤
1751,美国
1751,句容
1753,河南
1753,西藏
1754,陕西
1756,山东
1757,福建
1757,闽
1757,台
1758,北京
1759,重庆
1760,湖南
1761,重庆
1761,重庆市
1762,通江
1763,重庆
1763,云南
1763,旧
1764,重庆
1768,木黄
1769,江苏
1770,富起
1770,陶家淇
1771,华夏
1775,巴基斯坦
1776,福建
1776,闽
1777,湖南
1778,羌情
1779,浙江
1779,河姆渡遗址
1780,中国
1780,日本
1780,韩国
1783,四川
1784,青秀区
1785,金城
1785,兰州市
1787,福建
1787,美国
1788,宁夏
1790,苗舞
1791,铁力市
1793,北京
1793,江苏
1794,敦煌
1794,三星堆
1795,福建
1795,湖里区
1797,天津市
1797,杨柳青
1797,天津
1798,天津市
1798,杨柳青
1798,天津
1799,天津市
1799,杨柳青
1799,天津
1801,天津
1803,四川
1804,云岩区
1809,江西
1810,布尔津
1810,青河
1810,新疆
1810,福海
1810,富蕴
1811,布依
1811,彝族
1811,戚托
1811,苗族
1811,兴义市
1811,旅游助
1811,黔西南州
1812,委
1812,贵州
1813,宝丰
1814,海不复回
1815,西藏
1817,北京
1817,大显身手
1818,肯尼亚
1818,云南
1818,上海
1821,泰国
1822,安徽
1823,安徽
1824,安徽
1825,北京
1826,浙江
1827,唐剧
1827,河北
1828,吉林
1831,山东
1832,法国
1833,陕西
1834,巴蜀
1834,四川
1834,华蓥山
1834,明月山
1836,天津
1838,豫
1840,陕西
1841,寿
1843,安徽
1844,正定
1846,香港
1847,上海
1848,广南
1850,新疆
1850,温宿
1852,吉林
1853,白云区
1853,贵州
1854,山东
1857,四川
1861,吉林
1862,如始
1862,越
1863,湖南
1864,贵州
1865,江西
1866,江西
1867,四川
1868,北京
1869,香港
1872,福建
1872,东西塔
1874,北京
1874,上海
1874,中国
1874,韩国
1875,湖南
1877,吉林
1880,兰州市
1880,兰州
1881,黄峨
1882,浙江
1882,旅接
1882,上海
1882,美国
1882,沪丽
1884,巴黎
1884,法国
1884,朝
1884,凡尔赛
1884,华
1884,布列塔尼
1884,南特
1884,波尔多
1884,南法
1884,蒙彼利埃
1884,尼斯
1888,连云区
1889,上海
1890,安仁
1890,大邑
1891,浙江
1892,莺脰
1892,杨柳青
1893,玉门市
1894,福建
1895,北京
1896,西藏
1900,宁夏
1901,辽宁
1903,苏
1903,阳摄
1903,重庆
1903,美国
1903,北京
1904,苏
1904,江苏
1905,苏
1905,阳摄
1905,江苏
1906,江西
1906,安源区
1906,天津市
1907,浙江
1910,重庆
1911,锦官
1911,四川
1911,广汉
1912,四川
1913,四川
1913,安徽
1914,四川
1914,三星堆
1914,九寨沟
1915,四川
1915,蜀地
1916,四川
1916,甘孜州
1917,四川
1918,四川
1918,泸
1919,四川
1919,重庆
1920,福建
1920,厝垵
1922,敦煌
1922,甘肃
1922,中国
1922,日本
1922,韩国
1923,北京
1924,安徽
1924,肥西
1927,北京
1928,北京
1929,北京
1931,北京
1934,浙江
1936,中西合璧
1936,驻华
1938,甘肃
1938,敦煌
1939,福泉市
1941,辽宁
1941,河南
1942,江苏
1943,广西
1944,广西
1945,望谟
1945,茂向
1947,闽
1947,妈祖
1947,保生
1947,两岸
1948,湖南
1949,俄罗斯
1949,中国
1949,俄
1950,澳门
1952,重庆
1952,重庆市
1956,湖北
1957,环长
1957,吉林
1958,闽
1958,台
1962,海南
1964,中哥
1964,哥伦比亚
1964,四川
1965,天津市
1965,江西
1965,安源区
1966,陕北
1967,广东
1967,龙潭
1967,海珠人
1967,海珠
1968,三星堆
1968,美国
1969,彝族
1970,重庆
1970,南岸区
1972,日系
1974,北京
1977,吉林
1978,上海
1979,浙江
1979,抗日
1980,海南
1981,河南
1984,重庆
1986,西砖胡同
1986,北京
1987,辽宁
1989,内蒙古
1990,内蒙古
1991,内蒙古
1992,云南
1993,内蒙古
1994,福建
1995,福建
1995,马尾区
1996,上海
1996,四川
1997,福泉市
1997,福泉
1998,安徽
1998,黑龙江
1999,广西
1999,重庆
1999,首渡
2001,河北
2004,江西
2005,贵州
2006,夏日园
2009,辽宁
2013,陕西
2013,照金
2014,江苏
2015,湖北
2016,贵州
2016,俄格古城
2016,石阡
2017,海南
2018,河南
2019,贯彻
2019,湖南
2020,贵州
2021,北京
2023,秀水街
2024,北京
2025,辽宁
2026,巴
2026,宣汉
2026,楚
2026,以
2027,广东
2028,广东
2029,广东
2030,广东
2030,新疆
2030,哈萨克
2031,广东
2032,广东
2033,广东
2033,莲花山草
2033,文化季
2034,苗族
2035,山东
2036,北京
2037,西林
2037,西平
2037,木顶
2040,广东
2040,青幼
2041,瓮安
2042,广西
2045,贵州
2049,江苏
2049,朝
2049,云阿姨
2050,内蒙古
2053,西藏
2055,云南
2056,中国
2056,日本
2056,韩国
2056,浙江
2056,敦煌市
2056,九州市
2057,广西
2058,广西
2059,瑶族
2059,朝阳镇
2059,荔波
2062,山东
2063,上海
2064,上海市
2064,新疆
2064,上海
2065,上海
2066,上海
2067,上海
2068,上海
2069,上海
2069,练塘
2069,朱家角
2069,金泽四
2070,上海
2071,上海
2072,嵩
2074,内蒙古
2078,湖北
2078,福建
2078,新疆
2078,河北
2079,陕西
2080,陕西
2081,山西忻州市
2081,五台山
2081,朝
2081,台朝山
2082,山西
2083,广东
2085,山东
2086,山东
2087,山东
2088,山东
2090,延吉市
2092,福建
2093,福建
2094,福建
2094,同安
2095,莎车
2096,重庆
2096,重庆市
2096,沙坪
2097,海南
2097,崖州
2098,四川
2098,三星堆
2099,江西
2099,上海
2100,河南
2100,郏
2101,四川
2101,彝文化
2102,贵州
2103,西藏
2103,堆龙德
2104,河北
2105,古橄
2106,四季如夏
2106,海南
2106,黎族
2107,乳山市
2107,石硼
2107,乳山
2108,鲁山
2109,上海
2109,上海市
2110,延津
2111,延津
2112,浙江
2112,越城区
2113,虎丘
2113,江苏
2115,贵州
2116,辽宁
2118,湖南
2119,进贤
2121,澳大利亚
2121,中国
2121,澳
2121,加拿大
2122,海南
2122,定安
2122,临高
2123,河南
2123,盛角
2123,光大
2126,红鼓
2127,广西
2129,四川
2130,古波斯
2134,福建
2137,临湘
2140,北京
2140,什刹海
2141,广东
2142,海南
2143,河南
2144,新中国
2145,浙江
2146,四川
2146,阿坝州
2146,黑水
2148,广西
2148,苗族
2149,山东
2151,广西
2151,容
2152,容
2152,广西
2153,山东
2154,浙江
2154,玉环
2154,龙溪镇
2156,墨
2156,中国
2157,贵州
2159,安徽
2159,凤台
2161,老子
2161,河南
2161,鹿邑
2162,江西
2163,四川
2165,安徽
2165,庐江
2166,河北
2166,苗琳
2166,命出
2167,福建
2167,驻漆
2168,上海
2169,湖北
2169,内蒙古
2171,贵州
2172,刚果
2172,金
2173,辽宁
2174,山西
2175,北票市
2177,瓮安
2179,海南
2180,福建
2181,四川
2181,江阳区
2182,广西
2182,昭平
2183,江苏
2183,光大
2183,盐渎路
2184,黑龙江
2184,广东
2186,天津市
2187,童游
2187,上城区
2188,江苏
2189,辽宁
2189,沈河区
2190,安徽
2191,山东
2192,海南
2192,黎族
2192,万宁市
2192,白沙
2193,福建
2194,广西
2194,武鸣
2194,壮族
2195,马山
2195,广西
2196,广西
2197,苏祺
2198,云南
2199,红河州
2199,盘龙区
2199,石屏
2199,云南
2200,开阳
2200,贵州
2201,云南
2202,海南
2204,浙江
2204,西关街
2205,内蒙古
2205,海南
2205,文旅厅
2208,河曲
2208,山西
2209,贵州
2210,福建
2212,台湾
2212,上海
2212,光大
2213,河北
2213,文旅厅
2213,北京
2213,林园路
2215,贵州
2216,张家港
2217,北京
2218,石林
2219,陕西
2220,上海
2220,四川
2221,日本
2222,山西
2223,日本
2223,观山
2223,贵州
2224,日本
2224,湖北
2225,重庆
2225,重庆市
2226,北京
2228,秭归
2228,湖北
2229,广东
2229,粤
2229,澳门
2229,香港
2229,义有
2230,重庆
2230,广东
2230,旅任
2230,重庆市
2231,重庆
2231,重庆市
2231,美国
2232,宁夏
2233,河南
2233,新郑
2234,河南
2235,河南
2236,河南
2237,河南
2238,河南
2239,河南
2240,河南
2240,博爱
2240,清化
2240,新
2241,河南
2242,河南
2242,巩义市
2242,巩义
2243,河南
2244,河南
2245,山西
2245,北京
2245,河北
2245,河南
2247,湖南
2248,浏阳
2248,湖南
2249,人民
2250,人民
2250,宁乡
2250,宁乡市
2250,湖南
2251,湖南
2251,北湖区
2252,湖南
2252,北湖区
2252,广体局
2253,湖南
2253,望城
2254,湖南
2255,长沙
2255,金井镇
2255,金井
2257,人民
2257,湖南
2257,共探
2258,人民
2258,宁乡
2258,浏阳
2258,湖南
2258,浏阳市
2259,人民
2259,湖南
2260,天心区
2262,唐溪
2262,唐溪茶场
2262,安化
2262,湖南
2264,长沙
2265,湖南
2266,湖南
2267,湖南
2268,湖南
2269,湖南
2270,湖南
2270,美国
2270,古丈
2270,中寨
2270,苗寨
2270,凤凰
2270,西黄金
2270,奇峡
2271,湖南
2272,湖南
2272,湘乡市
2272,湘乡
2273,湖南
2273,浏阳市
2273,梅田湖
2274,湖南
2275,湖南
2276,湖南
2277,湖南
2277,南长
2279,湖南
2280,浏阳市
2281,湖南
2282,湖南
2284,湖南
2284,中国
2285,长沙江背镇
2286,武冈
2287,湖南
2287,江华
2287,瑶族
2288,湖南
2288,小河咀村
2289,伏钟
2289,鼓山
2290,湖南
2290,安化
2291,湖南
2291,南岳区
2291,南岳
2292,湖南
2293,湖南
2293,浏阳市
2293,张坊镇
2293,浏阳
2294,吉林
2295,敦化
2295,吉林
2295,北京
2295,延边州体育局
2296,山西
2296,华夏
2297,山西
2298,南非
2299,南非
2299,约堡
2300,宁夏
2301,宁夏
2301,中国
2301,法
2302,宁夏
2303,宁夏
2303,博览会子
2303,浙江
2304,宁夏
2304,中宁
2305,宁夏
2306,宁夏
2306,敦煌
2306,云冈
2306,麦积山
2306,甘肃
2306,北石窟
2307,宁夏
2308,宁夏
2308,沙湖
2308,美国
2309,宁夏
2309,湖北
2310,宁夏
2311,宁夏
2312,江苏
2313,印尼
2313,驻华
2313,印尼棉兰
2314,摩洛哥
2315,阿尔及利亚
2315,驻华
2316,安徽
2317,香港
2317,顶虚
2318,香港
2319,悉尼
2319,新西兰
2320,悉尼
2320,新西兰
2321,悉尼
2322,悉尼
2323,悉尼
2323,云演
2323,唐朝
2324,悉尼
2325,悉尼
2326,悉尼
2326,新西兰
2327,悉尼
2328,悉尼
2328,新西兰
2329,悉尼
2329,中国
2329,澳
2329,澳大利亚
2330,悉尼
2331,悉尼
2331,新西兰惠灵顿
2332,悉尼
2332,云南
2332,中国云南
2332,香格里拉
2332,傣族
2333,悉尼
2333,澳
2333,澳洲
2333,威尔士州
2334,悉尼
2334,新西兰
2334,敦煌
2335,悉尼
2335,新西兰惠灵顿
2335,新疆
2335,北京
2336,悉尼
2336,新西兰惠灵顿
2337,悉尼
2337,中国
2337,澳
2337,澳大利亚
2337,美国
2338,悉尼
2338,江苏
2339,悉尼
2339,惠灵顿
2339,新西兰
2339,惠灵顿中国
2340,悉尼
2341,悉尼
2341,陕西
2341,澳大利亚
2342,悉尼
2342,中国
2342,澳
2342,江苏
2342,澳大利亚
2343,悉尼
2343,澳洲
2343,澳大利亚
2343,李东奕
2343,中国
2343,澳
2344,悉尼
2345,悉尼
2345,新西兰
2345,斐济
2345,印度
2345,乌克兰
2345,云南
2346,云南
2346,西双版纳州
2346,景洪市
2347,青海
2348,青海
2349,青海
2350,青海
2350,青海省玉树州
2350,美国
2351,青海
2351,西宁河
2351,金山
2352,青海
2352,青海省玉树州
2352,玉树州
2352,藏族
2353,青海
2354,青海
2355,青海
2356,青海
2357,青海
2358,陕西
2358,华夏
2359,湖北
2359,美国
2359,推湖
2359,北疫
2360,湖北
2361,湖北
2361,黎黄陂路
2361,汉口
2362,湖北
2363,湖北
2364,湖北
2364,广东
2364,浙江
2364,江苏
2364,上海
2364,北京
2364,山东
2364,四川
2364,福建
2364,河南
2365,湖北
2366,湖北
2367,湖北
2368,海南
2369,海南
2369,东方市
2369,昌江
2369,黎族
2370,江苏
2371,江苏
2372,新疆
2372,新疆维吾尔
2373,新疆
2373,乌昌
2374,山东
2375,山东
2376,山东
2377,山东
2377,寿光
2378,贵州
2378,美国
2379,天津
2379,天津市
2380,天津
2380,天津市
2380,新疆
2380,北京
2380,安徽
2380,四川
2381,天津
2381,天津市
2381,和平区
2382,天津
2382,浙江
2382,上海
2382,陕西
2382,湖北
2382,四川
2382,广东
2382,福建
2382,北京
2383,天津
2384,天津
2384,天津市
2385,天津
2385,天津市
2385,津门法鼓
2386,天津
2386,天津市
2386,和平区
2387,天津
2387,天津市
2388,天津
2388,天津市
2389,天津
2389,河北
2390,天津
2390,天津市
2390,西藏
2391,山西
2392,山西
2392,文旅厅
2393,山西
2394,山西
2395,山西
2397,山西
2398,山西
2398,晋
2399,山西
2400,江苏
2401,斯德哥尔摩
2401,瑞典
2401,北京
2402,首尔
2402,中国
2402,韩国
2402,叙
2402,首尔中国
2403,首尔
2403,辽宁
2403,邢海明
2404,河北
2404,驻华
2405,河北
2405,大
2406,广东
2406,北京
2406,河北
2407,京津冀三
2408,河北
2408,广宗
2409,河北
2409,广平
2410,河北
2411,河北
2412,河北
2413,北京
2413,河北
2413,井陉
2413,南横口村
2414,河北
2415,河北
2415,南和区
2416,河北
2417,河北
2417,阜平
2418,辽宁
2419,辽宁
2420,辽宁
2420,东港
2420,东港市
2420,以莓
2420,江西
2420,浙江
2420,遂昌
2420,旭明
2421,辽宁
2422,辽宁
2422,于洪区
2423,上海
2424,上海
2425,上海
2425,扎根静安
2426,上海
2427,上海
2428,上海
2428,浦东
2428,美国
2429,上海
2430,上海
2430,上海市
2430,美国
2431,上海
2431,上海市
2432,上海
2433,上海
2433,沪
2433,苏同
2433,江苏
2434,上海
2434,邬迪
2435,上海
2435,浦东
2436,上海
2436,美迪科
2437,上海
2438,上海
2439,上海
2440,上海
2440,葛俊俊
2440,上海市
2441,福建
2442,福建
2442,集美
2443,福建
2444,福建
2444,集美
2445,福建
2445,集美
2446,福建
2447,福建
2447,同安
2448,福建
2448,集美
2449,福建
2449,中西
2450,福建
2451,福建
2451,同安
2451,苏
2452,福建
2453,海南
2453,崖州
2454,海南
2455,海南
2455,南山
2455,重庆
2456,河南
2457,三江
2457,广西
2458,苏
2458,中华苏维埃
2459,广西
2460,多国
2460,驻华
2460,福建
2461,福建
2461,安溪
2462,福建
2462,洛江区
2463,福建
2463,洛江区
2463,以
2464,山东
2465,广西
2465,钦南区
2466,江苏
2466,上海
2467,海安
2467,粤
2467,澳门
2468,江苏
2469,江苏
2469,崇川区
2470,江苏
2470,海门
2470,海门区
2470,台
2471,江苏
2471,美国
2471,德国
2471,意大利
2471,西班牙
2471,新加坡
2471,日本
2471,海门
2471,上海
2471,江海水
2472,福建
2473,福建
2473,松溪
2474,广西
2475,广西
2475,北京
2475,广西壮族
2476,广西
2476,壮族
2477,广西
2477,巴基斯坦
2478,广西
2479,广西
2479,广西南宁
2480,广西
2481,广西
2481,广西壮族
2481,中国
2482,广西
2482,广西壮族
2483,广西
2483,广西壮族
2484,广西
2484,广西壮族
2485,江苏
2485,北京
2485,盱眙
2486,江苏
2486,浦口区
2486,浦口
2487,江西
2488,江西
2489,江西
2490,江西
2490,美国
2491,江西
2492,江西
2492,宜黄
2492,水北
2493,江西
2494,江西
2494,湖北
2495,江西
2496,江西
2497,江西
2497,夜巷
2498,江西
2499,江西
2500,江西
2501,江西
2501,高安
2501,靖安
2501,丰城市
2502,江西
2502,崇义
2503,江西
2503,泰和
2504,江西
2504,南丰
2505,莫斯科
2505,中国
2505,俄
2506,曼谷
2506,马来西亚
2506,吉隆坡
2507,曼谷
2507,泰国
2508,马德里
2508,西班牙
2508,阿根廷
2508,波兰
2509,山西
2510,河南
2511,河南
2513,马耳他
2514,罗马
2514,意大利
2515,贵州
2516,广西
2517,广西
2519,山东
2520,汾
2520,山西
2520,文旅厅
2521,浙江
2521,西街
2522,巴巴多斯
2522,中巴
2523,海南
2524,兰州
2524,甘肃
2525,兰州
2525,甘肃
2525,敦煌
2525,夏河
2526,兰州
2526,兰州市
2526,夜购
2527,兰州
2527,甘肃
2528,兰州
2528,永靖
2529,兰州
2529,甘肃
2530,兰州
2530,兰州市
2531,兰州
2531,敦煌
2531,甘肃
2531,文旅厅
2531,美国
2531,日本
2531,湖北
2532,兰州
2532,兰州市
2532,甘肃
2533,兰州
2533,甘肃
2534,兰州
2534,甘肃
2534,兰州市
2535,兰州
2535,甘肃
2535,通渭
2536,西藏
2537,西藏
2538,云南
2539,云南
2540,云南
2540,北京
2541,埃及
2541,开罗
2542,开罗
2542,开罗中国
2543,九寨沟
2543,四川
2543,大安区
2543,大安
2544,安徽
2545,山西
2545,委
2545,旅康
2547,山东
2548,山东
2548,菏泽单
2549,山东
2550,山东
2551,山东
2552,齐鲁
2552,贵州
2554,山东
2555,山东
2555,文旅厅
2556,贯彻
2557,山东
2558,山东
2558,湖北
2558,山东文
2558,齐鲁
2559,山东
2560,山东
2561,山东
2562,山东
2562,上海
2562,大沙河
2563,山东
2564,克劳迪奥
2564,智利
2564,阿联酋
2564,法国
2564,美国
2564,中意
2564,意大利
2565,北京
2566,新疆
2567,北京
2568,安徽
2569,青海
2570,浩特
2570,美国
2571,浩特
2571,内蒙古
2572,浩特
2572,内蒙古
2573,浩特
2573,内蒙古
2574,山东
2576,河内
2576,新疆
2576,西藏
2576,越南
2576,北京
2577,河内
2577,越南
2578,越南
2578,中国
2578,越
2579,河内
2579,广西
2579,越南
2580,越南
2581,河内
2581,越南
2581,广西
2582,广西
2582,宜州
2583,新疆
2583,北京
2584,安徽
2584,肥西
2585,安徽
2585,祥源
2586,安徽
2586,怀宁
2587,安徽
2588,安徽
2589,安徽
2589,郎溪
2590,安徽
2591,安徽
2592,安徽
2593,安徽
2593,沪
2593,苏
2593,浙
2593,皖文化
2594,浙江
2595,浙江
2595,浦江
2595,仙居
2595,中国
2596,浙江
2597,海南
2598,海南
2598,树诚
2599,海南
2600,海南
2601,海南
2602,海南
2603,黑龙江
2604,黑龙江
2604,龙江
2605,黑龙江
2605,文旅厅
2606,龙江
2606,黑龙江
2608,贵州
2609,贵州
2609,贵安
2609,美国
2609,守艺人
2610,贵州
2611,贵州
2611,红二红六军
2612,贵州
2613,贵州
2614,贵州
2615,广西
2616,广西
2617,广西
2617,壮族
2618,哈根
2619,江西
2620,福建
2621,福建
2622,福建
2622,中国
2622,日本
2623,福建
2623,蕉城区
2624,福建
2625,福建
2625,福往福
2626,福建
2626,促文
2626,闽
2627,福泉
2627,黔南州
2627,福泉市
2629,敦煌
2630,敦煌
2630,中国
2630,日本
2630,韩国
2631,敦煌市
2631,敦煌
2631,中国
2631,日本
2631,韩国
2631,浙江
2631,九州市
2631,甘肃
2631,美国
2632,广西
2632,壮族
2632,巴马
2632,东兰
2633,东京
2633,日本
2633,中国
2633,美国
2634,海南
2634,美国
2635,登封
2635,河南
2635,登封市
2636,登封
2636,河南
2636,登封市
2637,江西
2637,德兴
2638,贵州
2639,四川
2639,阿坝州
2640,云南
2640,楚雄州
2641,四川
2641,双流
2642,四川
2642,双流
2643,四川
2644,四川
2645,四川
2645,阿坝州
2645,九寨沟
2646,四川
2646,川南
2646,富顺
2647,四川
2647,阿坝州
2647,天府
2648,四川
2648,成华区
2649,四川
2649,江阳区
2650,四川
2651,四川
2651,西藏
2652,四川
2652,道孚
2652,美食荟
2653,四川
2653,阿坝州
2653,吉林
2654,四川
2654,新都区
2655,四川
2656,四川
2657,四川
2657,巴蜀
2658,四川
2658,泸
2659,四川
2660,四川
2661,四川
2662,四川
2662,金牛区
2663,四川
2664,四川
2664,新疆
2665,四川
2666,四川
2667,四川
2667,青羊
2668,四川
2669,四川
2670,四川
2670,彭克
2671,四川
2671,富顺
2672,四川
2673,四川
2674,四川
2674,金沙
2674,戴胜鸟
2675,四川
2676,四川
2676,彭州市
2676,彭州
2677,四川
2677,华夏
2677,台湾
2677,两岸
2677,盐亭
2678,四川
2678,杏黄
2678,双流
2679,四川
2679,泸
2680,四川
2680,台湾
2681,四川
2682,四川
2683,四川
2683,红任
2683,涉
2684,四川
2684,石棉
2684,跑马
2684,美国
2685,四川
2685,金牛区
2685,营门口街道
2686,四川
2686,西昌市
2686,西昌
2687,四川
2687,双流
2688,四川
2689,四川
2690,四川
2691,四川
2691,成华区
2691,华
2692,四川
2692,金牛区
2693,四川
2693,洛格斯神山
2693,黑水
2694,四川
2695,四川
2695,林竹
2696,四川
2697,四川
2697,大邑
2698,四川
2699,四川
2700,四川
2701,昌江
2702,河北
2702,肃宁
2703,布鲁塞尔
2703,马耳他
2703,重庆
2703,华联会
2704,布鲁塞尔
2704,新疆
2704,比利时
2704,新疆维吾尔
2704,周必
2705,山东
2706,贵州
2707,贵州
2708,贵州
2708,云南
2708,四川
2709,北京
2710,北京
2711,北京
2712,北京
2713,北京
2714,北京
2715,北京
2716,北京
2717,北京
2717,香制作
2717,钟灵毓秀
2717,西山古
2717,戴福
2717,文化基
2718,北京
2719,北京
2719,什刹海
2720,北京
2721,北京
2722,北京
2722,中华慈善日·爱
2723,北京
2724,北京
2725,北京
2726,北京
2727,北京
2728,北京
2728,加拿大
2728,多伦多
2729,北京
2730,北京
2730,湖北
2730,美国
2731,北京
2732,北京
2732,西九
2733,北京
2734,北京
2735,北京
2735,宁夏
2735,中国
2735,法
2736,北京
2737,北京
2737,中国
2737,俄
2737,俄罗斯
2737,驻华
2738,北京
2739,北京
2739,安徽
2739,杜集区
2740,北京
2740,新疆
2740,香港
2741,北京
2741,龙泉
2742,北京
2743,北京
2743,上海
2743,山东
2743,黑龙江
2743,吉林
2743,西藏
2743,中红
2744,北京
2745,北京
2746,北京
2747,北京
2748,北京
2749,北京
2750,北京
2751,北京
2752,北京
2753,北京
2754,北京
2755,北京
2756,北京
2757,北京
2757,巴基斯坦
2757,中巴
2758,北京
2759,北京
2759,重庆
2759,重庆市
2760,北京
2760,江苏
2761,北京
2762,北京
2762,王府井
2763,北京
2764,北京
2765,北京
2766,北京
2767,北京
2767,江苏
2767,驻华
2768,北京
2769,北京
2770,北京
2771,北京
2772,北京
2773,北京
2774,北京
2775,北京
2776,北京
2777,北京
2778,北京
2779,北京
2779,新街口街道
2780,北京
2781,北京
2782,北京
2783,北京
2784,北京
2784,新疆维吾尔
2784,新疆
2785,北京
2785,巴基斯坦
2785,阿富汗
2786,北京
2787,北京
2788,北京
2789,北京
2790,北京
2790,慈善寺
2791,北京
2792,北京
2793,北京
2794,北京
2795,北京
2795,美国
2795,以
2796,北京
2796,中国
2796,法国
2796,驻华
2796,法
2797,北京
2798,北京
2798,四川
2799,北京
2800,北京
2801,北京
2802,北京
2803,北京
2804,北京
2804,重庆市
2805,北京
2806,北京
2807,北京
2808,北京
2809,北京
2809,辽宁
2810,北京
2811,北京
2812,北京
2812,北京城
2813,北京
2814,北京
2815,北京
2816,北京
2817,北京
2818,北京
2819,北京
2820,北京
2820,粤
2820,港澳
2821,北京
2822,北京
2823,北京
2824,北京
2825,北京
2826,北京
2827,北京
2827,福建
2827,永定区
2827,美国
2827,安徽
2827,贵州
2827,河北
2827,洪坑村
2828,北京
2829,北京
2829,古巴
2829,古
2829,埃及
2829,印度
2829,古罗马
2829,希腊
2829,古波斯
2830,北京
2830,三里河
2831,北京
2832,北京
2832,福建
2832,广东
2832,上海市
2832,海南
2832,江苏
2832,湖北
2832,安徽
2832,天津市
2833,北京
2834,北京
2834,白塔寺
2835,北京
2836,北京
2837,北京
2837,日中
2838,北京
2839,北京
2840,北京
2841,北京
2842,北京
2843,北京
2844,北京
2845,北京
2846,北京
2847,北京
2848,北京
2849,北京
2849,浙江
2850,北京
2850,天津
2850,河北
2850,山西
2850,新疆
2851,北京
2852,北京
2852,谷爱
2853,北京
2854,北京
2854,文化季
2855,北京
2856,北京
2857,北京
2858,北京
2859,北京
2859,京杭
2859,浙江
2859,山东
2859,江苏
2860,北京
2860,浙江
2860,萧山
2860,共敬
2861,北京
2862,北京
2863,北京
2863,河北
2864,北京
2865,北京
2866,北京
2866,后沙
2867,广西
2868,海南
2868,黎族
2869,河北
2870,河北
2870,涞源
2870,北京
2870,麻品
2871,河北
2872,河北
2872,广西
2873,河北
2874,河北
2874,新保定
2875,河北
2876,安徽
2877,巴黎
2877,中国
2877,法
2877,法国
2878,巴黎
2878,法国
2878,中国
2878,法
2879,巴黎
2879,北京
2879,中国
2879,法
2880,巴黎
2880,法国
2881,澳门
2881,沪澳
2881,沪
2881,澳
2881,上海
2881,展沪
2882,澳门
2882,粤
2883,澳门
2883,港澳
2883,陕西
2883,陕
2883,澳
2884,土耳其
2884,中土
2884,中国
2885,安徽
2886,尼日利亚
2886,尼联邦
2886,阿布贾
2886,中尼
2888,泰国
2888,清迈
2888,泰北
2889,北京
2890,河南
2890,新郑
2892,青海
2892,美国
2893,松文化
2893,以
2893,涞源
2895,江苏
2898,广西
2898,覃塘区
2898,粤
2899,兰州
2899,甘肃
2900,兰州
2900,兰州市
2900,七里河区
2901,敦煌
2901,甘肃
2902,内蒙古
2903,浩特
2903,内蒙古
2904,内蒙古
2905,广西百色
2906,贵州
2906,四川
2906,重庆
2907,海南
2907,湖北
2907,楚国
2908,广东
2908,香港
2908,抗日
2909,河南
2910,河南
2911,重庆
2911,重庆市
2912,上海
2913,兰州
2913,兰州市
2914,海南
2915,福建
2915,闽
2915,台
2916,广东
2919,闽
2921,美国
2922,广东
2922,潮汕
2922,湖南
2922,西关
2924,屈原
2924,湖北
2924,北京
2924,马庄
2924,四川
2924,金堂
2927,西藏
2930,四川
2930,巴蜀
2930,三星堆
2930,九寨沟
2931,山西
2932,上海市
2932,上海
2935,江苏
2936,山东
2936,曲阜
2937,川
2937,四川
2937,壤塘
2937,中壤
2937,塘镇
2937,财神山
2937,壤巴拉
2937,藏纸
2938,西藏
2938,尼玛扎西
2939,重庆
2940,北京
2943,金末
2943,图们
2943,吉林
2944,福建
2945,山东
2945,齐鲁
2946,陕西
2946,天津
2949,北京
2951,兴化
2951,新中国
2952,山东
2953,上海
2954,巴青
2954,西藏
2954,文化焕
2956,美国
2956,广西
2958,绵竹市
2958,南坪
2958,九寨沟
2960,新疆
2961,海南
2964,云南
2968,安徽
2969,天津市
2969,李大人
2971,云南
2971,云南保山
2972,浙江
2974,马庄
2974,灯俗
2974,金坛
2975,秭归
2976,曲阜
2977,安徽
2977,蜀山区
2978,吉林
2978,控江
2978,上海
2978,沪
2980,甘肃
2981,河南
2981,尉氏
2982,广东
2983,海南
2983,黎族
2983,琼中
2985,山东
2987,吉林
2988,青秀区
2988,壮族
2988,广西
2989,青海
2989,大
2990,青海
2991,藏文化
2991,北两馆
2991,汉
2991,蒙古
2991,青海
2992,西藏
2994,江西
2996,香港
2997,广西
2997,陶古
2998,壮族
2998,河南
2998,广西
2998,青秀区
3000,黎平
3003,青海
3004,阿坝州
3006,黔东南州
3007,江苏
3009,北京
3010,波西米亚
3010,北京
3011,波西米亚
3011,北京
3013,上海
3015,甘肃
3017,浙江
3018,章丘
3018,山东
3019,天津
3021,山西
3021,河南
3021,甘肃
3021,安徽
3021,重庆
3022,美国
3022,贵州
3024,四川
3025,广西
3026,北京
3027,北京
3027,旅创
3029,杞
3029,河南
3030,贵州
3030,雷山
3031,美国
3031,辽宁
3031,以秀
3032,南锣鼓巷
3033,内蒙古
3034,临安
3036,湖南
3038,四川
3039,北京
3040,云专
3041,广西
3041,旅线路
3041,北京
3042,安徽
3042,蜀山区
3043,海南
3043,美兰区
3043,黎族
3045,北京
3045,天坛月季
3047,澳门
3048,中华五千
3049,西班牙
3050,日本
3051,黑龙江
3051,龙江
3052,北京
3054,川潮
3054,青白江
3054,城厢
3055,青海
3055,海西州
3056,重庆
3057,川
3057,香港
3057,巴蜀
3059,山东
3059,潘铎
3059,上海
3059,江苏
3059,福建
3060,河南
3061,普米族
3062,云南
3062,蓝增
3062,美国
3062,傣族
3064,新场
3064,浦东
3064,上海
3065,浦东
3067,凭祥市
3067,凭祥
3067,广西
3069,北京
3069,北京古
3070,吉林
3070,白文化
3071,北京
3072,戴明贤
3072,贵州
3073,上海
3074,上海
3075,河南
3075,北京
3075,斯里兰卡
3075,驻华
3076,慈溪
3077,湖南
3078,湖南
3079,湖南
3080,安徽
3080,杜集区
3080,江苏
3092,李炎以
3092,云南
3093,伊斯兰堡
3093,中巴
3093,巴方
3095,云南
3095,盘龙区
3097,福建
3098,福建
3099,法治乡村
3100,广西
3101,米吉提说
3101,新疆
3102,陕西
3102,塞尔维亚
3103,辽宁
3104,贵州
3104,罗甸
3106,宁乡
3107,宁夏
3108,宁夏
3108,陕甘宁
3109,宁夏
3109,法国
3110,宁夏馆
3110,宁夏
3111,宁夏馆
3111,宁夏
3112,宁明
3112,广西
3113,浙江
3114,山东
3117,广东
3118,天津
3120,湖南
3121,浙江
3122,江苏
3122,崇川区
3122,美国
3123,广东
3124,内蒙古
3124,浩特
3124,广东
3125,内蒙古
3125,陕
3125,宁交界
3125,城川
3126,内蒙古
3126,视频号
3127,内蒙古
3128,内蒙古
3128,上海市
3128,清水河
3129,内蒙古
3129,湖南
3129,浩特
3130,内蒙古
3131,讷河
3131,温克
3131,讷河市
3133,南乡
3133,兰溪
3134,南乡
3134,兰溪
3135,江苏
3136,广西
3137,广西
3137,百益
3138,广西
3139,广西
3139,宾州
3140,贵州
3141,南京西路
3141,上海
3142,江苏
3143,江苏
3143,浦口区
3144,南非
3146,重庆
3146,重庆市
3146,四川
3146,贵州
3147,四川
3147,阆中市
3147,苍溪
3147,南部
3148,江西
3150,南岸区
3151,南岸区
3151,古巴
3152,纳雍
3152,厍东
3154,北京
3157,埃及
3158,抗日
3160,安徽
3162,广东
3163,云南
3165,甘肃
3166,福建
3166,永泰
3166,闽
3167,重庆
3167,金山镇
3170,墨竹工卡
3171,齐鲁
3171,山东
3171,重庆
3172,金沙
3173,赵鸿
3174,福建
3177,海南
3177,琼中
3178,海南
3180,苗族
3180,海南
3181,台湾
3181,湖北
3181,苗栗
3181,武当山
3182,粤
3182,广东
3182,龙岗
3183,重庆
3186,蒙城
3188,法国
3188,山东
3189,江西
3190,日本
3191,富万
3192,天津
3192,天津市
3193,美国
3193,湖南
3196,新疆
3197,昌航
3199,北京
3203,梅里达
3203,墨西哥
3203,四川
3203,江西
3203,中方
3203,墨西哥城
3205,毛里求斯
3205,中国
3205,毛
3207,马头琴
3210,香港
3211,陈家沟
3211,温
3211,山西
3212,广东
3212,广西
3212,桂东南文化
3213,斯洛伐克
3213,陕西
3214,玛沁
3216,饼上
3217,马里
3217,巴克图
3219,安徽
3219,祁门
3222,湖北
3222,华
3222,俄罗斯馆
3222,阿根廷馆
3223,上海
3223,安亭
3225,广西
3227,河南
3227,隋唐洛阳城
3229,重庆
3229,巴
3229,重庆市
3229,美国
3230,贵州
3230,桃树王
3230,湖南
3230,四川
3230,俄罗斯
3231,壮族
3231,日本
3231,广西
3231,石围
3232,北京
3233,中柬
3233,中国
3233,柬
3234,大邑
3235,广东
3235,内蒙古
3235,阿拉善盟
3236,云南
3237,渌渚镇
3237,浙江
3238,鹿寨
3239,龙州
3240,陆静
3240,广西
3241,上海
3241,大陆
3241,上海市
3242,浙江
3242,临海市
3243,四川
3243,环江
3243,毛南族
3244,汇川区
3244,贵州
3245,龙胜
3245,泗水
3245,马堤
3245,伟江
3245,乐江
3246,重庆
3248,龙海
3248,福建
3249,贵州
3251,俄罗斯
3251,莫斯科
3252,山东
3253,四川
3254,铁西区
3254,辽宁
3254,南非
3255,日本
3255,新加坡
3255,马来西亚
3256,浏阳市
3256,浏阳
3256,广体局
3257,云上村晚
3258,云上村晚
3259,湖南
3260,海南
3261,西藏
3261,巴宜区
3261,米林
3261,文旅局
3261,波密
3261,林芝独特
3263,河南
3263,甘肃
3264,广西
3264,中渡镇
3266,辽宁
3267,安徽
3267,舒城
3268,灵武市
3268,宁夏
3269,灵璧
3270,豫
3270,陕西
3271,津门
3271,天津
3273,临澧
3274,山东
3275,浙江
3275,泰
3276,云南
3278,西藏
3278,工布江达
3279,福建
3280,翔安
3280,福建
3282,车耀
3285,辽宁
3286,海南
3286,驻华
3286,华
3287,贵州
3287,乌当区
3288,重庆
3289,新疆
3290,两岸
3290,福建
3290,台湾
3290,武夷山市
3291,两岸
3291,台湾
3291,北京
3291,大陆
3292,两岸
3294,广西
3296,四川
3298,重庆
3299,福建
3301,辽宁
3303,新疆
3304,皖
3307,山西
3308,安徽
3310,环江
3310,毛南族
3311,云南
3311,腾冲
3311,昌宁
3312,荔浦
3312,广西
3312,广东
3313,横店
3313,云南
3313,贵州
3313,西藏
3313,重庆
3313,陕西
3313,甘肃
3314,湖北
3314,监利
3314,洪湖
3316,广西
3317,湖南
3317,北支街
3317,茶陵
3317,道
3317,宁远
3317,东外街
3317,江永
3318,重庆
3322,景乐宫
3322,四川
3323,江苏
3324,新场
3325,仁怀市
3325,贵州
3326,北京
3326,新场
3327,青海
3328,甘肃
3328,敦煌
3328,香港
3328,日本
3329,北京
3330,山西
3331,上海
3332,广东
3335,资中
3335,四川
3336,黎平
3336,黎平府
3337,海南
3338,梨花
3338,蓟州区
3338,天津市
3339,安徽
3340,海南
3340,黎族
3340,乐东
3342,老挝
3342,云南
3342,中国
3344,平鲁
3344,陕西
3344,抗日
3344,北堡村
3344,清水河
3344,金山
3346,广西
3347,辽宁
3347,旅周
3347,和平区
3348,河北
3349,河北
3349,北京
3350,浙江
3350,四川
3350,北京
3350,河南
3350,福建
3350,湖南
3353,兰州
3353,兰州市
3354,兰州
3356,兰州
3356,沙勇忠
3357,四川
3358,贵州
3358,汇川区
3358,光大
3359,日微
3362,广西
3362,湖北
3362,北京
3363,巢湖市
3363,巢湖
3364,北京
3364,西藏
3364,林周
3364,城关区
3369,广西
3370,西藏
3371,西藏
3372,罗甸
3373,云南
3377,上海市
3377,上海
3379,高桥镇
3380,新疆
3384,日本
3385,福建
3386,柯桥区
3386,浙江
3386,诸暨市
3387,海南
3387,广东
3390,抗日
3390,阜平
3390,晋察冀
3392,扎兰屯市
3392,扎兰屯
3393,北京
3394,粤
3400,古丈
3400,赏古丈
3400,旅带
3401,江苏
3401,意大利
3402,北京
3402,江苏
3403,重庆
3403,重庆市
3404,汝州市
3405,湖南
3405,炎陵
3406,布依
3406,苗族
3407,吉林
3408,北京
3408,白浮泉
3409,广东
3409,上海
3410,新疆
3410,上海
3411,上海
3412,唐人街
3413,崖州
3416,贵州
3417,安徽
3417,宁国市
3422,台北
3422,西面食
3422,山西
3422,台湾
3423,福建
3423,台湾
3424,北京
3424,粤
3427,习水
3428,习水
3428,土城
3429,广西
3429,横
3430,南明区
3430,贵州
3431,岱山
3432,贵州
3434,北京
3436,广西
3437,北京
3438,澳大利亚
3438,悉尼
3438,澳
3438,中国
3439,新疆克拉玛依
3439,上海
3439,新疆
3440,西藏
3441,西藏
3442,四川
3443,温宿
3445,海南
3446,四川
3448,内蒙古
3448,广东
3449,山东
3449,永定塔
3449,映月阁
3450,北京
3451,陕西
3451,贵州
3451,宁夏
3452,中国
3452,日本
3452,韩国
3453,河北
3456,海南
3457,北京
3458,北京
3459,湖北
3460,川
3460,四川
3461,柯坪
3463,广西
3463,壮族
3465,同安
3465,福建
3466,北京
3467,新密
3467,密伏
3468,美国
3469,安徽
3469,庐江
3470,海南
3471,台江
3471,苗族
3471,苗疆
3472,江西
3474,江西
3475,兰州市
3475,文化焕
3476,北京
3477,美国
3477,瓮安
3478,新疆
3481,福建
3481,杭街区
3482,西翥
3483,天等
3485,海南
3486,许家
3486,思南
3487,云南
3487,美国
3487,德国
3487,比利时
3487,泰国
3489,福建
3489,文旅厅
3489,古田
3489,妈祖
3489,闽
3489,德化
3489,武夷山
3489,鼓浪屿
3490,青海
3491,青海
3494,戴时昌
3495,天柱
3495,黔东南州
3497,七里河区
3497,兰州
3498,甘肃
3498,崆峒区
3498,泾川
3498,崇信
3498,庄浪
3499,宁海
3499,云歌汇
3500,车卫玲
3501,辽宁
3501,美国
3501,加拿大
3501,俄罗斯
3501,符拉迪沃斯托克
3502,新加坡
3502,法国
3502,德国
3502,意大利
3502,俄罗斯
3502,马来西亚
3502,黎平
3503,黎平
3503,贵州
3507,云南
3508,河南
3508,陕西
3508,西阴村
3509,黔西
3510,匈牙利
3510,中匈
3511,中国
3511,印度
3511,云南
3512,湖南
3513,天津市
3515,北京
3515,中华世纪坛艺术馆等单位
3517,海南
3519,江苏
3519,海南
3520,甘肃
3521,中意
3521,四川
3521,意大利坎帕尼亚
3522,黄平
3523,内蒙古
3529,龙州
3530,云南
3532,海南
3532,屯昌
3533,甘肃
3534,重庆市
3534,川剧
3535,粤
3536,河北
3537,粤
3537,澳门
3537,广东
3540,海南
3542,北京
3543,辽宁
3543,兴隆台区
3544,贝发
3544,大丰
3544,浙江
3544,广东
3544,江苏
3544,福建
3545,福建
3546,浦口
3546,浦口区
3546,江苏
3548,台湾
3548,敦煌
3548,两岸
3549,四川
3550,秦淮区
3551,北京
3552,安宁区
3553,安宁区
3554,上海
3554,金山
3554,山阳镇
3557,安徽
3558,四川
3561,河南
3561,美国
3562,广东
3562,广西
3563,洛龙区
3563,河南
3564,兰州市
3565,湖南
3566,四川
3567,建湖
3567,江苏
3568,萧太
3569,北京
3569,什邡
3572,萧太
3574,福建
3576,敦煌
3576,中国
3576,日本
3576,韩国
3576,甘肃
3576,敦煌市
3576,浙江
3576,九州市
3576,敦煌国
3577,北京
3578,安徽
3579,海南
3580,北京
3582,甘肃
3583,广西
3584,广西
3585,内蒙古
3586,赫章
3587,海南
3588,广东
3589,贵州
3589,黔西南州
3589,西南州
3589,普安
3589,岿寺
3590,贵州
3591,贵州
3591,北京
3591,上海
3591,浙江
3591,广东
3592,贵州
3594,江苏
3595,福泉市
3595,福泉
3596,福泉市
3597,内蒙古
3597,二连浩特市
3599,四川
3600,埃及
3600,辽宁
3600,朝阳市朝阳
3601,贵州
3602,黔西
3603,北京
3603,广东
3603,湖北
3604,贵州
3605,安徽
3605,和
3605,凤阳
3605,涡阳
3606,晖州
3606,宁朔
3607,四川
3608,湖北
3611,彝族
3612,龙泉驿
3612,龙泉驿区
3615,海南
3617,江西
3617,以雕
3617,印
3618,江西
3619,云南
3620,突厥
3620,内蒙古
3625,西藏
3625,广东
3625,藏文化
3627,北京
3628,江苏
3629,北京
3630,北京
3630,内蒙古
3630,海拉尔
3631,河北
3631,北京
3631,张
3632,福建
3632,鼓岭
3632,鼓山
3634,河南
3634,中国
3634,光大
3637,北京
3637,台北
3637,两岸
3638,河北
3639,武宣
3639,广西
3640,岑溪市
3640,广西
3641,严从紧
3643,北京
3644,湖南
3644,湘潭
3645,北京
3646,福建
3647,中国
3647,日本
3647,韩国
3647,敦煌市
3647,浙江
3647,九州市
3648,河南
3649,广西
3651,浙江
3651,珠环玉绕
3653,沙坪镇
3655,洋浦
3656,瑶族
3656,兴安
3657,兰州
3657,敦煌
3660,云南
3660,马哈
3660,以郑
3661,云南
3661,西山区
3663,安徽
3663,文路
3663,邓稼先路
3664,天津
3665,福建
3665,石狮市
3665,石狮
3668,田林
3670,云南
3672,湖南
3672,福建
3672,闽南
3673,贵州
3675,内蒙古
3675,广东
3675,西藏
3676,福州路
3678,黔东南州
3678,贵州
3678,丹寨
3678,雷山
3678,台江
3679,甘肃
3679,文旅厅
3679,天津
3680,敦化市
3681,木黄
3682,江苏
3683,兰州市
3683,榆中
3684,宜兴市
3684,宜兴
3686,兴安盟
3687,新疆
3688,新疆
3688,阿克恰勒乡
3688,美国
3689,奎屯市
3689,乌孙
3689,新疆
3690,西秀区
3691,广西
3692,乌兰
3693,安徽
3694,甘肃
3694,固族
3695,河南
3695,隋唐洛阳城
3696,上海
3696,上海市
3697,辽宁
3699,浙江
3699,北京
3701,贵州
3703,北京
3704,永春
3705,铁力市
3706,铁力市
3707,四川
3708,辽宁
3710,江西
3711,上海市
3711,上海
3711,新疆
3711,巴楚
3711,光大
3712,山西
3713,山东
3714,莎车
3714,喀群
3714,上海
3715,沙雅
3716,湖南
3717,陕西
3717,阿宫剧
3717,西咸
3718,海南
3719,九台区
3720,清镇市
3720,清镇
3722,广河
3722,甘肃
3724,江西
3725,内蒙古
3725,武川
3726,山西
3727,江西
3728,宁
3729,河南
3731,西藏
3732,四川
3732,江油
3732,赵祖乐
3732,陶静
3733,利辛
3733,中疃镇
3734,浙江
3734,青田
3736,黎平
3737,雷山
3738,重庆
3738,兰州
3738,兰州市
3739,北京
3739,广东
3741,广西
3743,延边州
3743,北山
3744,贵州
3745,海南
3746,海南
3748,江苏
3749,海南
3750,四川
3753,平坝区
3754,虎林市
3755,湖北
3756,内蒙古
3758,红花岗区
3759,河南
3760,广西
3761,河北
3762,浙江
3763,海南
3764,吉林
3766,广西
3767,广西
3768,广西
3769,吉田村
3770,普定
3771,贵州
3771,垂直圈层
3772,贵州
3772,荔波
3773,麻江
3774,贵州
3774,剑河
3775,广西
3775,凤村
3776,广西壮族
3776,广西
3776,百色壮族
3778,青海
3782,甘肃
3784,湖南
3785,福建
3786,福建
3787,福建
3787,永泰
3787,连城
3787,武夷山市
3787,福安市
3788,福建
3790,辽宁
3790,北京
3790,金普
3791,广西
3792,海南
3793,山东
3795,贵州
3798,贵州
3798,广东
3799,贵州
3799,普定
3801,贵州
3802,湖北
3803,青秀区
3805,云岩区
3806,陕西
3807,四川
3807,重庆
3808,兰州市
3808,兰州
3808,甘肃
3809,肥东
3810,新疆
3811,山西
3811,晋芳
3812,瑶族
3812,防城
3813,北京
3813,灵丘
3814,京张
3814,北京
3814,河北
3814,天津
3814,山西
3814,内蒙古
3816,浙江
3817,四川
3818,上海
3818,四川
3819,浙江
3819,北京龙
3819,北京
3821,山东
3821,章丘区
3822,赤玛村
3824,江苏
3824,扬中市
3826,新疆
3827,重庆市
3827,重庆
3828,重庆市
3828,重庆
3828,英国
3828,加拿大
3828,日本
3828,北京
3828,天津
3828,四川
3828,江苏
3829,重庆市
3829,重庆
3830,重庆市
3830,重庆
3831,重庆
3832,浙江
3833,浙江
3833,德清
3834,福建
3836,甘肃
3836,敦煌
3837,云南
3837,红河州
3837,泸西
3840,岳西
3841,光大
3843,港
3845,北京
3847,河南
3847,文化焕
3848,新疆
3848,奎屯市
3848,乌苏市
3849,安徽
3850,湖北
3850,旅游夜
3851,河南
3852,西林
3853,河南
3853,汝阳
3854,东志愿者
3855,贵州
3856,湘
3856,湖南
3856,攸
3856,广体局
3857,金山区
3858,河北
3859,马山
3860,山东
3861,万载
3862,内蒙古
3862,库伦旗
3862,科左中旗
3863,覃塘区
3865,四川
3866,陕西
3869,绥芬河
3869,中国
3869,俄
3870,安徽
3870,灵璧
3871,安徽
3871,灵璧
3872,泗
3872,委
3872,桃园
3872,美国
3873,泗洪
3875,驻华
3876,山东
3877,辽宁
3879,上海
3880,商城
3881,广东
3882,山东
3883,山东
3884,山东
3884,齐鲁
3885,福建
3885,台
3886,河南
3887,三江
3888,越城区
3891,北京
3892,重庆
3892,四川
3892,贵州
3892,渝黔
3892,赤水
3893,奇台
3894,黑龙江
3894,梅里斯达斡尔
3895,七星
3897,浦东
3897,周浦镇
3897,上海
3897,美国
3897,中国
3897,法
3898,平湖
3899,福建
3900,福建
3901,宁强
3903,蒙山
3904,蒙城
3905,蒙城
3908,龙岗区
3908,龙岗
3908,广东
3909,广西
3909,融水
3909,三江
3910,浙江
3910,缙云
3911,黎平
3912,黎平
3913,宁夏
3914,开阳
3914,水东
3916,江西
3916,东乡区
3917,江苏
3918,郏
3920,湖南
3921,内蒙古
3921,四会
3921,武川
3922,河北
3923,河南
3924,广西
3924,粤
3925,河北
3926,河北
3927,河北
3929,高碑店
3930,北京
3931,贵州
3932,港北区
3933,广西
3933,容
3933,杨梅镇
3934,金山
3935,港北区
3936,江西
3937,甘孜州
3937,四川
3937,光大
3939,广西
3942,房
3944,敦化市
3945,东台市
3945,东台
3945,西溪任
3946,北京
3947,中国
3947,日本
3947,韩国
3948,上海市
3950,四川
3950,川西
3951,苍南
3951,委
3953,博白
3954,博白
3956,北羊村
3957,广西
3958,广西
3959,白云区
3959,贵州
3960,安徽
3960,枞阳
3961,安徽
3961,泗
3961,美国
3961,泗州戏
3962,安徽
3962,舒城
3963,安徽
3963,和
3964,美国
3965,木塔乡
3965,苏村
3967,重庆
3968,美国
3968,华
3968,新疆
3968,新疆维吾尔
3969,光大
3974,宁夏
3974,陕西
3976,上海
3977,西藏
3978,瑶族
3978,广西
3979,金沙
3979,三星堆
3980,陆家嘴
3981,汤溪
3981,民国
3982,北京
3982,圆明园
3982,雍和宫
3983,云南
3984,息烽
3985,东兴市
3986,旅游助
3986,洛宁
3987,中国
3987,韩国
3987,首尔
3987,北京
3988,广西
3988,阳朔
3989,上海
3990,北京
3991,山东
3992,上海
3993,安徽
3997,以
3998,广东
3999,高平市
3999,高平
3999,台
4000,上海
4000,西华
4000,徐泾镇
4001,内蒙古
4001,山西
4001,锡林郭勒盟
4002,柳林
4003,重庆
4004,山西
4005,山西
4006,柳林
4006,印度
4006,南非
4006,英国
4006,美国
4006,巴西
4007,山西
4007,唐朝
4008,湖南
4009,湖南
4011,浙江
4011,重庆
4012,江西
4013,浙江
4014,北京
4014,杨镇
4017,海南
4019,吉林
4021,甘肃
4021,兰州
4022,木黄
4023,观山
4023,玫瑰路
4023,美国
4024,东南抗日
4025,新疆
4025,库车市
4026,西秀区
4026,普里
4028,唐湾
4029,安徽
4029,灵璧
4030,泗
4031,贵州
4031,松桃苗族
4032,乳山市
4033,泉塘
4035,王家庄
4036,清镇市
4037,美国
4038,江苏
4038,重庆
4039,绵竹市
4039,九龙镇
4040,河南
4041,河南
4041,龙亭区
4042,灵璧
4043,云南
4044,旌德
4044,云乐镇
4045,山西
4046,广西
4047,温宿
4047,汉易
4047,浙江
4048,河南
4049,美国
4049,河南
4050,海南
4050,白沙
4050,黎族
4050,俄村
4051,新疆
4053,四川
4053,蜀地
4053,剑阁
4053,古石板路
4053,古驿铺
4053,昭化
4053,云台山
4056,日景区
4057,贵州
4058,福建
4058,闽
4059,光大
4061,广西
4062,白云区
4063,白云区
4064,扎囊
4065,南昌
4066,浙江
4067,湖北
4069,吉林
4074,海安
4075,明光
4075,安徽
4076,山东
4076,临夏州
4076,甘肃
4077,云上村晚
4077,窦瀚洋
4078,重庆市
4079,广东
4081,福建
4082,北京
4083,上海
4084,上海
4084,日本
4085,广西
4086,安徽
4086,怀宁
4087,天津市
4087,天津
4088,天津市
4088,天津
4089,江苏
4090,浙江
4091,余杭
4091,余杭区
4091,浙江
4093,日本
4094,云南
4094,思茅
4095,河北
4096,浙江
4097,四川
4097,中国
4097,日本
4097,韩国
4098,福建
4099,福建
4099,闽
4100,安徽
4102,贵州
4103,甘肃
4103,华池
4103,陕
4104,河南
4105,便利可及
4106,四川
4107,绵竹市
4109,净月
4109,吉林
4110,福建
4112,贵州
4112,新春文旅云展、“
4112,湖北
4112,广东
4112,重庆
4112,山东
4112,江苏
4114,山东
4115,海南
4116,贵州
4117,安徽
4118,辽宁
4119,北京
4121,海南
4122,甘肃
4122,陇东
4122,陕西
4122,宁夏
4122,庆城
4122,陕
4122,宁
4122,川
4125,广东
4125,河南
4126,海南
4127,河南
4127,古都洛阳
4128,四川
4128,重庆
4128,巴
4129,吉林
4130,江西
4132,吉林
4136,敦煌
4137,上海
4137,华
4138,齐鲁
4138,河南
4138,登封
4138,山东
4139,汝阳
4140,辽宁
4142,海南
4142,定安
4144,上海
4146,广西
4147,红歌pk赛
4148,绩溪
4149,上海
4150,台湾
4150,高雄市
4150,高雄
4150,凤山区
4151,广西
4152,台山
4152,赏非
4152,遗展览
4153,重庆
4154,广西南宁
4154,广西
4155,北流市
4155,北流镇
4156,北京
4157,平乡
4158,四川
4159,法国
4159,四川
4159,巴西
4159,里约
4159,中方
4160,海南
4164,吉林
4169,江永
4172,墨西哥
4172,智利
4172,保加利亚
4173,墨西哥
4173,智利
4173,保加利亚
4174,江州区
4175,江西
4176,安源
4176,江西
4177,江苏
4177,美国
4178,江苏
4179,江苏
4182,江苏
4182,海安
4182,以政
4183,江苏
4185,重庆
4186,重庆
4187,重庆
4187,巴渝
4188,日本
4188,中国
4190,江苏
4190,北京
4190,河为线
4190,金陵
4191,江苏
4192,江苏
4193,贵州
4194,北京
4195,四川
4196,美国
4198,河为线
4200,四川
4202,江西
4202,海南
4202,黎川
4203,四川
4203,简阳
4205,柬埔寨
4206,巴黎
4206,阿根廷
4206,布宜诺斯艾利斯
4206,波尔图
4207,福建
4207,闽
4209,山西
4214,辽宁
4214,马耳山
4217,甘肃
4218,湖南
4221,河南
4222,辽宁
4224,浙江
4225,嘉禾
4230,北京
4230,文化基
4232,广西
4232,青秀区
4232,金葫
4232,重庆
4232,埌西
4233,北京
4234,内蒙古
4240,甘肃
4241,加德满都
4241,尼泊尔
4242,北京
4243,浦东
4244,北京
4245,山东
4246,寿光
4246,山东
4247,山东
4247,级文
4248,山东
4248,齐鲁
4249,山东
4249,中国
4249,日本
4249,韩国
4250,山东
4250,齐鲁
4251,安徽
4251,光大
4252,印度
4252,希腊
4252,敦煌
4252,新疆
4252,中西
4254,江苏
4255,青海
4255,古藏
4255,莫落
4255,伊哇沟
4256,广西
4256,马山
4257,江苏
4257,海安
4258,江苏
4259,粤
4259,广西
4259,广东
4261,福建
4261,宁化
4262,福建
4262,闽清
4262,南安市
4262,泉港区
4262,明溪
4262,沙溪乡
4262,永定区
4262,古田
4262,大桥镇
4264,广东
4265,广西
4266,兰州市
4267,敦煌市
4269,海南
4269,云赏
4270,西藏
4271,北京
4271,张家湾
4271,台湖
4271,错位化
4272,北京
4273,广西
4273,合浦
4273,越南
4273,缅甸
4273,印度
4273,斯里兰卡
4275,莱
4275,北京
4276,安徽
4276,云于
4277,河南
4278,四川
4278,广汉
4279,江苏
4280,广西
4280,广东
4282,河南
4283,新疆维吾尔
4283,新疆
4284,西藏
4286,河潭
4286,贵州
4288,浙江
4289,天津
4289,北京
4290,北京
4290,古
4290,北口路
4292,北京
4293,湖北
4293,推湖
4293,北疫
4294,湖南
4295,湖南
4300,江苏
4301,辽宁
4302,辽宁
4304,山东
4305,西藏
4306,广西
4307,西藏
4308,西藏
4308,安徽
4309,海南
4309,澄迈
4310,内蒙古
4311,海南
4311,黎族
4311,毛公山
4311,乐东
4313,古都洛阳
4313,河南
4314,吉林
4315,吉林
4315,吉林馆
4318,河北
4321,北京
4322,美国
4322,中国
4324,古蔺
4325,通江
4326,福建
4327,福建
4327,印度
4329,芦塘社
4329,福建
4329,海沧
4329,青礁村
4330,四川
4331,山西
4332,尉氏
4333,北京
4334,孟州
4334,孟州市
4335,双流
4335,四川
4337,河南
4338,北京
4340,广东
4340,江西
4340,寻乌
4341,福建
4342,北京
4343,意大利
4343,广西
4344,妈祖
4344,妈祖秋
4344,两岸
4344,天津
4344,妈祖园
4344,大陆
4344,台湾
4344,津台
4344,台
4345,北京
4347,北京
4347,江西
4349,日本
4350,广西
4350,陆川
4350,北京
4351,福建
4352,陕西
4352,中国
4353,敦煌
4354,昆山
4354,大陆
4355,美国
4356,海南
4357,河南
4357,洛山水
4357,宜阳
4357,赵老屯村
4358,福建
4358,美国
4359,浙江
4359,内蒙古
4359,呼市
4359,陕西
4360,内蒙古
4364,辽宁
4365,山西
4367,香格里拉
4367,云南
4367,广东
4367,粤
4369,临
4370,四川
4371,北京
4372,四川
4374,海南
4375,延吉
4378,河南
4379,江苏
4379,重庆
4380,广西
4381,新疆
4382,山西
4383,江苏
4384,青海
4385,云南
4387,贵州
4388,贵州
4390,西藏
4391,旅联盟
4391,内蒙古
4392,蒙牛人
4393,广西
4393,博白
4394,广西
4395,江西
4396,浙江
4396,河南
4396,四川
4396,湖北
4397,东兴区
4397,威远
4397,四川
4398,龙泉
4398,美国
4399,北京
4400,安徽
4401,海南
4401,婚拍
4401,山东
4402,芮城
4403,内蒙古
4404,广东
4407,潢川
4409,河南
4410,广西
4410,马山
4410,日本
4411,青海
4411,黄南州
4411,以
4412,天津
4412,天津市
4412,北塘街道
4412,黄港
4413,毛南族
4414,湖南
4415,湖南
4417,河北
4417,芦苇画
4418,河北
4418,北京
4419,山东
4420,四川
4421,江西
4421,福文化
4421,赣州福
4422,齐鲁
4422,山东
4423,西藏
4423,上海
4423,康马
4423,江孜
4424,宁夏
4424,中宁
4425,浙江
4426,湖南
4426,洞口
4426,洪江市
4426,鹤城区
4426,中方
4426,西连怀化
4428,湖南
4429,湖南
4430,湖南
4431,临湘市
4431,五里牌
4431,临湘
4431,卡景点
4432,汝城
4433,湖南
4434,湖南
4434,新疆
4434,葡萄沟
4434,旅游云
4435,湖北
4435,东坡
4435,赤壁
4435,关陵
4436,艾丹
4436,湖北
4437,辽宁
4440,驻华
4442,内蒙古
4443,内蒙古
4444,内蒙古
4445,内蒙古
4446,河南
4448,闽西
4448,古田
4449,洪泽
4449,江苏
4450,肥东
4450,安徽
4451,青海
4452,广西
4455,金寨
4457,闽
4457,福建
4458,洪山区
4458,湖北
4459,吉林
4460,山东
4460,广饶
4461,新疆维吾尔
4461,博乐市
4461,新疆
4462,陕西
4464,泾
4465,东兴市
4466,江苏
4466,句容
4467,湖南
4467,衡东
4468,河北
4473,宁夏
4474,广东
4474,林宅
4478,安徽
4478,当涂
4478,越
4480,荷兰
4480,中国
4480,荷
4481,河南
4481,广东
4481,底瓶
4482,河南
4483,河南
4484,河南
4484,山西
4485,河南
4486,河南
4487,河池市大化
4487,瑶族
4489,河北
4490,河北
4491,河北
4492,河北
4492,云长
4493,河北
4493,湖北
4494,河北
4495,河北
4496,河北
4496,平乡
4497,河北
4498,河北
4499,河北
4499,广东
4502,江西
4503,观山
4508,安徽
4509,安徽
4509,蜀山区
4513,浦东
4514,浙江
4515,浙江
4515,黑龙江
4516,浙江
4517,陕西
4518,西夷
4519,贵州
4519,湖南
4519,仁怀市
4520,上海
4522,海珠
4523,福建
4524,海南
4525,海南
4526,海南
4527,海南
4527,万宁
4527,万宁市
4528,贵州
4528,毁于明
4528,平播之役
4529,海南
4529,琼州
4530,海南
4530,河北
4531,海南
4531,广东
4532,海南
4532,美兰区
4533,海南
4533,柬埔寨
4533,日本
4533,韩国
4534,海安
4534,江苏
4535,海安
4535,江苏
4536,广西
4537,上海
4538,河北
4538,安新区
4539,山东
4540,浙江
4541,四川
4543,江西
4543,越国
4544,兰州
4545,贵州
4545,万山区
4547,长葛
4549,北京
4552,尼泊尔
4552,剌子
4555,曲江
4555,陕西
4556,兰州市
4561,国家
4561,硚口区
4563,云南
4564,青海
4564,囊谦
4566,兰州
4567,北京
4567,中国
4567,法
4567,中华瑰宝展
4569,上海
4571,江苏
4572,广西
4573,贵州
4573,黔东
4574,贵州
4575,贵州
4576,中国
4576,梵
4576,贵州
4577,贵州
4578,贵州
4579,贵州
4580,贵州
4581,贵州
4582,贵州
4582,苏
4582,苏黔
4583,贵州
4584,四川
4584,贵州
4586,青海
4587,贵州
4588,日本
4589,天津
4589,粤城
4589,敦煌
4590,广东
4590,安徽
4591,广东
4591,香港
4592,广东
4592,粤
4592,黄埔
4592,范片区
4592,新中
4593,广西壮族
4593,广西
4594,广西
4595,广西
4595,普大
4596,广西
4597,横
4597,广西
4598,澳门
4599,广西
4600,广西
4600,田林
4600,瑶族
4601,广西
4602,巴单
4602,西藏
4602,扎西
4603,广汉市
4604,海安
4604,江苏
4607,江西
4608,四川
4608,华蓥山
4608,山可登
4608,岳池
4609,江苏
4612,河南
4613,川西
4613,四川
4613,鹪鹩
4615,陕西
4617,天津
4618,观山
4619,观山
4619,贵州
4621,和平区
4622,川剧
4623,瓜州
4624,敦煌
4624,印度
4626,新疆
4629,美国
4630,福建
4631,光大
4633,新疆
4635,山东
4635,齐鲁
4636,陕西
4636,西柏坡
4636,黑龙江
4637,西藏
4637,松)
4637,曲市
4637,班戈委
4638,河北
4638,赵
4639,金沙
4639,海南
4639,富力
4641,海南
4642,陕西
4642,曲江
4645,敦化市
4646,云南
4654,延吉市
4654,朝鲜族
4657,日报告
4659,福建
4660,敦化市
4663,天津市
4663,吉林
4663,上海市
4663,广西
4663,四川
4663,贵州
4663,安吉
4663,河北
4663,江苏
4663,浙江
4663,湖北
4663,西藏
4663,日本
4665,广西
4665,巴马
4665,中国
4666,安徽
4667,北魏
4668,唐朝
4669,青海
4670,新疆
4672,河北
4673,贵州
4675,德
4677,吉林
4677,吉林文旅
4679,富起
4679,基干性
4680,青海
4680,金银滩
4681,海南
4682,广西
4682,灵川
4682,东漓古村
4686,高青
4686,山东
4687,北京
4688,云南
4689,甘肃
4690,甘肃
4690,宁
4691,甘肃
4691,宁
4692,秦国
4693,甘肃
4693,美国
4693,旅游主
4694,甘肃
4696,甘肃
4697,甘肃
4698,甘肃
4698,美国
4698,敦煌
4699,浙江
4699,湖南
4699,河北
4699,北京
4701,北京
4701,北京城
4706,安徽
4707,贵州
4714,敦煌
4714,惠灵顿中国
4714,新西兰
4717,泾
4718,婺源
4718,戴铣
4719,江永
4721,浙阿
4722,海南
4723,辽
4723,内蒙古
4724,安徽
4730,马列文
4734,叙事化
4737,北京
4737,北京夜
4738,山西
4738,涉建
4739,陕西
4740,富蕴
4741,河南
4742,福建
4745,江西
4745,乐安
4746,福建
4746,闽
4747,福建
4747,闽
4747,鼓楼区
4748,福建
4749,福建
4749,闽
4750,福建
4750,闽
4751,福建
4752,福建
4752,台湾
4752,闽
4752,台
4752,罗源
4752,泰宁
4752,屏南
4752,永泰
4752,平潭
4753,福建
4754,福建
4755,福建
4755,中山路
4755,南洋
4757,扶绥
4758,凤阳
4760,湖南
4760,芙蓉镇
4761,广西
4762,海南
4763,镇远
4768,肥西
4768,三河镇
4768,宣传办
4771,河南
4772,上海
4772,美国
4773,福建
4773,德化
4775,江西
4776,观音桥
4776,重庆
4777,贵州
4778,广西
4780,美国
4784,法
4784,嵩
4784,三合村
4784,河南
4787,北京
4788,安徽
4789,内蒙古
4790,德
4790,公主岭
4791,上海
4791,山东
4791,黑龙江
4791,吉林
4791,西藏
4793,天津
4793,杨柳青
4794,黑龙江
4797,四川
4797,藏族
4797,苗族
4797,彝族
4797,西藏
4797,青海
4797,光大
4798,河北
4801,西藏
4804,山西
4805,内蒙古
4805,康巴
4806,额尔古纳市
4806,内蒙古
4806,俄罗斯
4807,北京
4809,佛教天
4809,天台
4810,思南
4811,北京
4812,岭南
4812,广东
4813,柬埔寨
4813,费加齐
4813,基多
4814,敦煌
4814,韩国
4815,广西
4816,多彩
4816,贵州
4817,北京
4818,贵州
4820,贵州
4820,渝黔
4821,美国
4822,敦煌
4822,中国
4822,日本
4822,韩国
4823,敦煌
4823,甘肃
4824,敦煌
4825,敦煌
4825,中西
4826,敦煌
4826,中西
4827,敦煌
4827,中西
4830,敦化市
4830,吉林
4830,延边州
4831,敦化市
4832,英国
4832,伦敦
4833,汉
4833,苗瑶山
4834,四川
4835,贵州
4835,布依
4835,浙江
4835,上海
4835,北京
4837,光大
4837,德昂古村落
4838,福建
4838,金鱼巷
4839,河北
4840,山西
4840,临汾桃园
4841,四川
4848,观山
4848,中国
4848,韩国
4848,贵州
4848,辽宁
4848,山东
4849,辽宁
4850,辽宁
4851,湘西州
4851,永顺芙蓉镇
4854,安徽
4855,北京
4855,街道级
4856,海南
4856,上海
4857,福建
4858,北京
4858,美国
4859,辽宁
4860,辽宁
4861,布尔津
4861,中国
4861,苏
4861,中苏
4862,河北
4862,北京
4863,东至
4863,木塔乡
4863,塔口
4863,安徽
4866,广东
4866,福建
4867,上海
4867,上海市
4868,北京
4869,北京
4870,北京
4871,北京
4871,王府井
4872,通榆
4873,北京
4874,习水
4875,四川
4876,吉林
4877,以疆
4877,北京
4877,新疆
4877,华
4877,诬称
4878,北京
4879,广西
4880,宁夏
4880,旅游云
4881,北京
4882,辽宁
4883,山东
4883,博山
4884,普生
4885,湖南
4885,台
4886,山东
4886,淄
4887,山东
4888,青海
4889,福建
4891,敦煌
4891,甘肃
4893,新疆
4893,新疆维吾尔
4896,江西
4896,美国
4898,海南
4899,澳门
4899,江苏
4899,澳门人
4899,澳门周能
4900,山东
4900,北京
4900,云娃
4900,日本
4900,江苏
4901,句容市
4901,句容
4906,湖南
4907,西班牙
4907,泰国
4907,日本
4908,辽宁
4909,德化
4910,德格印经院
4910,四川
4910,德格
4911,湖南
4912,桥西区
4913,山东
4914,故宫以东
4914,北京
4915,宁夏
4916,北京
4917,文化金
4918,广西
4918,天等
4919,吉林
4922,宜阳
4924,内蒙古
4925,内蒙古
4927,云南
4931,四川
4932,广东
4936,山东
4939,山东
4939,曲阜
4940,广西
4943,山东
4945,吉林
4945,延吉
4945,延吉市
4946,成华区
4946,四川
4949,安徽
4949,泾
4950,海安
4952,上海
4953,海南
4955,北京
4955,台北
4955,两岸
4956,北京
4956,台北
4956,两岸
4957,灵宝市
4958,湖南
4958,长沙
4959,河南
4960,湖南
4962,李庄
4962,四川
4963,湖南
4965,龙岗
4965,广东
4965,龙岗区
4967,湖南
4967,资兴市
4967,白廊镇
4968,山东
4969,四川
4970,黛青山
4971,福建
4972,福建
4973,浙江
4974,新疆
4975,新疆
4977,四川
4978,江西
4979,巢湖市
4981,湖南
4981,雨湖区
4982,湖南
4983,河北
4984,驻华
4984,阿曼
4984,匈牙利
4985,贵州
4986,广西
4986,苗族
4987,福建
4988,北京
4989,内蒙古
4990,中卢
4992,北京
4993,河南
4994,海宁
4994,浙江
4995,敦煌
4996,吉林
4996,北京
5000,文
5000,土琵琶
5000,甘肃
5000,兰州
5002,黄梅
5002,湖北
5002,阳土
5002,清江
5002,汉口
5002,安陆
5002,苗族
5002,来凤
5002,土家族
5003,荷兰
5004,美国
5006,江苏
5006,蜀冈
5008,浙江
5008,余姚
5008,河姆渡遗址
5010,马来西亚
5010,泰国
5010,英国
5011,北京
5011,明至清
5012,辽宁
5013,辽宁
5013,和平区
5014,海南
5014,载酒堂
5014,中和
5018,四川
5019,大邑
5019,青白江区
5019,城厢镇
5019,邛崃市
5019,平乐镇
5019,蒲江
5019,镇明月
5019,四川
5022,河南
5023,北京
5024,广西
5024,文促会
5025,海南
5027,山东
5028,四川
5029,青海
5029,海西州德令哈市
5032,北京
5032,上海
5032,广东
5032,浙江
5033,齐鲁
5033,山东
5033,曲阜
5034,河南
5036,江西
5037,湖南
5038,拓福字
5038,海南
5038,金
5039,广东
5040,广西
5041,浙江
5042,北京
5043,海南
5043,定安
5049,河北
5050,霍尔果斯
5051,内蒙古
5053,老百
5056,巩义
5056,河南
5056,广汉
5057,集美
5058,德国
5058,贵州
5059,山东
5060,海门区
5061,福建
5061,永定区
5062,贵州
5064,上海
5067,重庆
5069,江苏
5069,泰和
5069,江西
5071,浙江
5071,唐朝
5072,福建
5072,沙
5072,中华五千
5073,江西
5073,景德
5074,四川
5074,金沙
5076,浦东
5076,上海
5077,浦东
5078,海南
5079,北京
5079,浙江
5080,黑龙江
5081,浙江
5081,余姚市
5081,河姆渡遗址
5085,香港
5085,澳门
5085,广东
5085,粤
5086,河南
5088,日常点
5088,福建
5088,晋江
5088,安平
5089,北京
5091,安徽
5092,山东
5092,齐鲁
5092,辽宁
5093,西藏
5098,北京
5099,寿光
5100,集宁
5101,重庆
5102,甘肃
5103,广西
5104,广西
5105,华阳
5112,江苏
5113,四川
5115,上海
5117,中国
5118,肇建
5120,美国
5121,福建
5122,常熟
5122,上海
5122,常熟市
5123,集美
5123,两岸
5123,福建
5124,云跑
5124,北京
5126,黎平
5127,浙江
5127,坝头山村
5128,北京
5129,北京
5130,四川
5130,重庆市
5133,临洮
5133,马家窑
5133,甘肃
5134,慈善界
5135,四川
5137,辽博
5137,辽宁
5138,青泥
5139,浙江
5139,余姚
5139,余姚市
5141,北京
5142,内蒙古
5142,科左
5142,后旗
5142,兴安盟
5142,乌兰浩特市
5143,海南
5144,兰州市
5145,湖北
5147,湖北
5147,新洲区
5148,海安
5148,文化强
5149,贵州
5150,马耳他
5150,西藏
5151,台湾
5151,山东
5151,曲阜
5152,吉林
5153,甘肃
5154,慈水
5154,浙江
5154,重庆
5156,虞城
5156,虞国
5159,四川
5159,成华区
5160,哥本哈根
5160,北京
5160,丹麦
5161,安瑶族
5161,都安
5162,重庆
5163,云南
5164,兰州市
5164,兰州
5164,金城
5165,山东
5166,黑龙江
5168,河南
5169,贵州
5170,福建
5170,闽
5171,山西
5174,浙江
5175,北京
5177,山西
5178,云南
5178,彝族
5178,瑶族
5178,河口
5180,广东
5180,粤
5181,北京
5186,西藏
5189,龙泉镇
5189,丹寨
5189,贵州
5191,青海
5192,河北
5194,委
5194,班利村
5198,罗江
5199,川
5199,四川
5199,渝
5199,中国
5199,重庆市
5199,甘孜州
5200,重庆
5200,四川
5201,北京
5202,福州路
5203,昭平
5203,广西壮族
5203,扶村
5203,广西
5204,安吉
5206,贵州
5207,辽宁
5208,河南
5209,四川
5211,以诵
5212,阿尔山市
5212,阿尔山树
5213,四川
5213,龙江
5213,江阁
5214,旅商
5215,巴西
5215,中巴
5215,四川
5216,阿根廷
5216,西班牙
5216,北京
5217,广西
5217,广东
5218,美国
5220,云南
5220,西山区
5222,山东
5222,清河
5222,河南
5224,泉塘
5224,康桥长
5225,海南
5227,浙江
5228,重庆
5228,苗族
5228,重庆市
5229,湖北
5229,郧西
5230,河南
5230,澳门
5230,以刀
5231,西亭村
5231,以亭
5231,邓州市
5231,美国
5231,邓习
5232,贵州
5233,岐山
5234,辽宁
5235,北京
5236,北京
5238,河北
5238,平安
5241,江苏
5241,广东
5242,四川
5243,四川
5243,蜀地
5243,古蜀国
5243,三星堆
5243,金沙
5245,四川
5245,成华区
5246,四川
5247,日本
5248,日本
5249,北京
5249,金湖
5250,福鼎
5251,江苏
5251,金湖
5253,广西
5253,青秀区
5253,壮族
5253,卡拉奇
5256,陆俨少
5256,内蒙古
5257,河南
5257,唐朝
5257,四川
5258,辽宁
5258,老北市
5259,北京
5261,北京
5262,北京
5263,湖南
5263,岳麓
5265,四川
5265,川
5265,古关
5266,瑶族
5266,巴马
5267,雄安
5267,河北
5268,黑龙江
5269,浙江
5270,江苏
5270,金坛
5271,江苏
5271,城厢
5272,常熟
5272,澳门
5273,台前
5273,桃园
5274,北京
5276,贵州
5277,伊川
5277,河南
5277,登封
5277,禹州
5277,瓦店
5277,襄汾
5277,绛西吴壁
5277,叶
5278,西咸
5278,汉样
5279,湖北
5279,西藏
5279,上海
5280,北梅园
5281,藏纸
5281,西藏
5282,日本
5282,藏文化
5283,四川
5284,河南
5285,广东
5286,兰州市
5287,新疆
5287,海南
5288,北京
5289,海南
5290,兰州
5290,甘肃
5292,贵州
5293,江苏
5294,天津
5295,湖南
5296,江苏
5297,以协
5299,重庆
5299,天台
5299,海南
5299,新疆
5299,北庭
5299,福建
5299,黑龙江
5299,北京
5301,省城
5302,上海
5303,北京
5303,清
5303,圆明园
5304,新疆
5306,山东
5307,广西
5307,云赏
5308,新疆
5310,安徽
5310,粉丝线
5314,天津
5318,新街口街道
5320,中华五千
5321,华
5322,中华上下
5324,河南
5325,福建
5327,晋察冀
5329,武夷山
5329,中华五千
5330,重庆
5330,峨眉
5332,河南
5333,贵州
5333,黔西市
5333,苗族
5334,美方
5334,美国
5334,中国
5335,河南
5335,洛邑
5335,唐潮
5336,浙江
5337,德国
5338,台湾
5338,平潭
5338,台
5339,同安
5339,福建
5341,北京
5342,河北
5343,北京
5344,海城区
5344,海城
5345,俄罗斯
5345,匈牙利
5345,斯洛伐克
5345,委内瑞拉
5345,哥伦比亚
5346,古巴
5346,多米尼加
5346,波兰
5346,丹麦
5346,北京
5347,海南
5348,北京
5349,广东
5350,葡论
5350,澳门
5351,山东
5351,广饶
5351,广饶人
5353,青海
5353,大
5354,浙江
5355,广东
5355,重庆
5357,河南
5358,河南
5361,南翔
5361,上海
5362,西藏
5362,藏棋
5362,青海
5363,观山
5364,观山
5365,两岸
5366,两岸
5366,台独
5368,北京
5369,河南
5369,灵宝市
5371,南昌
5372,河南
5373,河南
5374,河南
5374,浙江
5374,旅强市
5375,安徽
5376,广西
5379,浙江
5381,重庆
5383,云南
5386,重庆市
5387,重庆市
5387,北京
5388,希腊
5388,北京
5389,希腊
5389,北京
5390,敦煌
5390,中国
5390,日本
5391,广东
5391,羊城
5392,上海
5392,沪
5392,新疆
5393,中国
5394,嵩
5395,龙江
5398,澳门
5398,澳
5399,中华两岸
5399,台湾
5399,两岸
5399,山西
5399,美国
5400,中国
5400,韩国
5400,山东
5400,日本
5400,清州
5401,齐鲁
5401,邹城
5401,山东
5401,台儿
5402,福建
5402,沙
5402,沪
5403,湖南
5403,德
5404,四川
5405,贵州
5405,广东
5406,云南
5407,沪
5408,北京史
5408,北京
5409,北京
5409,山西
5409,浙江
5409,广东
5409,上海
5412,浦口
5412,西埂
5413,山阴
5413,西瞰
5413,江苏
5415,上海市
5415,浦东
5416,安徽
5417,北京
5419,莲花山
5421,山西
5421,北魏平城
5422,重庆
5422,重庆市
5422,美国
5423,宁夏
5424,仰光
5424,缅甸
5424,北京
5425,辽宁
5426,南明区
5427,德江
5429,山东
5430,北京
5433,贵州
5434,贵州
5435,湖北
5435,贵州
5435,美国
5436,北京
5437,香山
5438,天津
5442,贵州
5444,贵州
5444,平桥
5445,光大
5445,贵州
5446,贵州
5447,三都水族自治
5447,马尾绣
5448,乌当区
5449,云岩区
5450,贵州
5451,贵州
5452,贵州
5456,清镇市
5457,贵安
5458,观山
5459,贵州
5460,贵州
5460,云漫湖
5460,乌当醉
5460,美国
5460,偏坡
5460,江华
5461,云集市
5463,广东
5463,贵州
5463,深
5466,贵州
5467,云岩区
5470,南明区
5470,贵州
5471,南明区
5472,贵州
5473,贵州
5474,清镇
5474,贵州
5476,云集市
5476,贵州
5477,贵州
5478,苗族
5478,花溪
5478,贵州
5479,贵州
5480,息烽
5481,江苏
5481,蒙古国
5481,乌兰巴托
5481,中方
5481,中蒙
5483,中华南路街道
5485,贵州
5485,乌当区
5485,以查
5486,贵州
5486,旅物
5487,金沙
5487,贵州
5487,易地
5488,江口
5488,土家
5488,松桃
5489,仁怀市
5490,海安
5491,湖北
5492,北京
5492,天津市
5492,贵州
5492,西藏
5494,贵州
5494,三穗
5494,安龙
5494,乌当区
5494,黔西南州
5495,贵州
5497,贵州
5498,贵州
5498,以黔
5499,西秀区
5500,北京
5500,独乐河镇
5501,碧江区
5502,贵州
5503,贵州
5503,钟山区
5504,江苏
5505,陕西
5506,长顺
5507,北京
5507,独乐河镇
5508,广东
5508,平塘
5509,贵州
5511,贵州
5511,惠购
5512,陕西
5513,陕西
5514,陕西
5516,贵州
5517,贵州
5518,贵州
5520,江苏
5521,水城
5522,古田
5522,大桥镇
5523,陕西
5524,塔吉克斯坦
5525,雄安
5526,陕西
5526,柞水
5527,湖北
5528,辽宁
5529,上海
5529,上海市
5529,新疆
5530,江苏
5531,里约热内卢
5531,巴西
5531,中巴
5532,兰州
5532,甘肃
5533,云南
5534,山东
5536,海南
5536,河南
5536,万宁
5537,北京
5537,中国
5537,秋多
5538,西藏
5539,唐朝
5539,陕西
5540,陕西
5542,埃及
5543,江苏
5544,陕西
5545,浙江
5545,中国
5545,日本
5545,韩国
5545,法
5546,北京
5547,澳大利亚
5547,英国
5547,美国
5547,法国
5547,白俄罗斯
5547,埃及
5547,日本
5548,北京
5548,四川
5549,北京
5549,驻华
5551,北京
5552,北京
5553,北京
5554,北京
5554,陕西
5554,广东
5555,北京
5556,北京
5557,北京
5558,北京
5558,陕西
5558,江西
5558,贵州
5558,新疆维吾尔
5558,和硕
5559,北京
5560,北京
5561,北京
5562,北京
5563,北京
5564,北京
5565,北京
5566,北京
5566,四川
5567,北京
5567,圆明园
5567,雍和宫
5568,湖北
5568,推湖
5568,北疫
5569,四川
5569,印度
5569,希腊
5569,罗马化
5569,敦煌
5569,平山郁夫
5570,北京
5571,河南
5573,山西
5575,北京
5576,北京
5579,北京
5580,北京
5581,北京
5581,蒙古国
5582,北京
5583,北京
5587,北京
5588,北京
5589,北京
5590,北京
5593,北京
5594,天津
5596,广西
5597,江苏
5598,海南
5598,苏学
5600,云南
5602,中资
5603,中资
5604,河北
5605,康养游
5608,新疆
5609,山西
5609,潘家园
5609,北京
5609,陕西
5609,上海
5615,北京
5616,北京
5618,上海
5619,巩义
5619,河南
5619,广汉
5620,湖南
5620,文家市
5621,内蒙古
5621,科左
5622,白沙镇
5622,广西
5622,阳朔
5622,南非
5623,白沙
5623,海南
5624,海南
5624,汉
5624,民国
5625,彭州市
5625,彭州
5626,福建
5629,贵州
5630,四川
5631,巴
5631,三星堆
5631,四川
5631,金沙
5632,中国
5632,法
5632,巴黎
5632,法国
5634,西藏
5635,浙江
5635,桐乡
5636,浙江
5636,桐乡
5639,上海市
5639,浦东
5640,杨柳青
5640,天津
5641,云南
5642,云南
5644,内蒙古
5647,万柏林区
5647,山西
5649,四川
5649,北京
5649,山西
5649,旅秋
5649,惠文化
5651,贵州
5653,安徽
5653,阿塞拜疆
5654,安徽
5655,安徽
5655,北关
5656,河北
5656,安国市
5657,墨
5657,中国
5658,阿瓦提
5658,阿曼古丽
5659,苏丹
5660,余庆
5662,阳朔
5662,金宝
5662,白沙镇
5663,湖北
5664,海南
5664,蒙乐生
5665,云南
5666,敦煌
5667,河北
5668,河北
5669,河北
5669,北京
5669,京办
5669,文旅厅
5670,北京
5671,黎平
5671,创建区
5673,四川
5674,山西
5674,北京
5675,山西
5675,北京
5676,海南
5677,内蒙古
5678,林州市
5679,山西
5680,高桥
5681,浙江
5681,余杭区
5682,江西
5685,广西
5686,河北
5689,斯德哥尔摩
5689,瑞典
5689,中国
5693,北京
5694,宁夏
5694,中国
5694,法
5694,利思酒庄
5695,新疆
5695,伯什克然木乡
5695,喀什古
5696,田地区
5696,安徽
5696,新疆
5696,皖
5697,贵州
5697,丽思卡尔顿
5697,威斯汀
5698,河北
5699,海南
5700,西溪湿
5700,浙江
5700,英像
5701,广东
5701,粤
5702,兰州市
5703,北京
5704,广西
5704,美国
5705,海南
5705,广东
5706,福泉市
5707,贵州
5707,安吉
5707,正安
5709,内蒙古
5710,敦煌
5711,美国
5712,广东
5712,江西
5712,金
5713,蒙城
5714,江西
5715,四川
5716,贵州
5716,江苏
5717,陕西
5717,西南城角
5717,东南城角
5719,天津市
5719,新疆
5719,天津
5719,田地区
5719,北京
5719,安徽
5719,四川
5721,黔东南州
5721,麻江
5721,贵州
5721,文状
5721,桥孔
5721,华夏
5723,河南
5723,洛龙区
5724,孟州市
5725,普定
5726,海南
5727,安图
5728,海南
5729,辽宁
5730,海南
5730,东坡海南
5731,北京
5732,湖南
5733,魏国楠
5734,北京
5734,新疆
5736,山东
5737,江西
5737,以
5739,河北
5740,河北
5741,河北
5742,甘肃
5743,宁夏
5744,内蒙古
5745,浚
5746,普定
5747,新疆维吾尔
5747,新疆
5747,交河
5748,贵州
5749,贵州
5749,黔西市
5750,四川
5751,海南
5752,山东
5753,江西
5753,遂川
5754,湖北
5755,北京
5757,贵州
5757,云岩区
5758,贵州
5759,浩特市
5759,山西
5760,湖南
5760,叶湖
5761,贵州
5761,荔波
5763,北京
5763,四川
5764,北京
5764,四川
5765,惠安
5766,四川
5766,双流
5767,安徽
5768,海南
5769,汾阳市
5770,浙江
5771,湖南
5771,北京
5773,广西
5774,贵州
5775,湖北
5775,郧西
5777,宁夏
5778,黑龙江
5778,马家
5779,北京
5780,北京
5781,山东
5781,胶州市
5781,福建
5781,江西
5782,湖北
5784,台江区
5784,闽
5784,福建
5785,山东
5786,四川
5786,华蓥山
5786,湖南
5786,广西
5786,华蓥
5787,洋浦
5788,贵州
5789,安瑶族
5789,瑶族
5790,重庆
5790,巫山
5791,达茂
5792,粤
5792,澳门特区
5792,澳门
5792,广东
5793,宁明
5793,木菠
5793,东安
5794,福建
5794,甘峰
5796,河北
5796,北京
5797,黑龙江
5798,海南
5798,叙
5799,库车
5799,美国
5800,北京
5801,高平市
5801,晋城高平市
5801,马村镇
5803,北京
5804,广西
5805,广西
5806,贵州
5807,福建
5808,安徽
5808,霍邱
5809,肥西
5809,美国
5810,中华文化耀
5810,新疆
5811,山西
5812,山东
5813,敦化市
5813,沙河沿镇
5814,中华文化耀
5814,新疆
5814,广东
5814,皮山
5814,墨玉
5814,策勒
5814,于田
5814,洛浦
5815,广西
5816,内蒙古
5817,新疆
5818,兰州市
5818,甘肃
5819,集宁
5819,卓资
5819,内蒙古
5820,陕西
5821,卓资
5821,集宁
5821,内蒙古
5821,浩特市
5821,阿拉善盟
5822,龙州
5822,水口镇
5824,重庆
5825,广东
5825,北京
5825,四川
5825,上海
5825,湖北
5825,天津
5825,重庆
5825,江苏
5825,陕西
5827,四川
5827,阿坝州
5827,若尔盖
5827,色达
5828,海南
5830,海南
5831,北京
5832,广西壮族
5832,广西
5835,甘肃
5836,甘肃
5837,南天湖
5837,重庆
5837,汉墓群
5839,云南
5841,贵州
5841,花溪
5841,金山
5842,福建
5842,永泰
5843,新疆
5845,和平区
5845,奉天
5846,北京
5846,伦敦
5847,北京
5848,湖北
5850,卓资
5850,黑龙江
5852,天津市
5852,礼明
5852,蓟州区
5853,河北
5854,柳江区
5854,广西
5855,蒙古
5855,乌兰巴托
5855,蒙古国
5855,内蒙古
5855,中蒙
5856,洞山
5856,金界
5857,广西
5857,镇古街巷
5858,海南
5858,洋浦
5858,澄迈
5858,大村
5859,山东
5860,贵州
5862,辽宁
5863,青海
5863,海南
5863,海南州
5864,甘肃
5864,文旅厅
5865,新疆
5865,库车市
5866,上海市
5866,泽普
5866,上海
5866,新疆
5866,金湖
5867,内蒙古
5867,内蒙
5869,北京
5869,光大
5870,福建
5871,江西
5872,阜蒙
5872,辽宁
5873,贵州
5874,北京
5875,内蒙古
5877,广西壮族
5877,广西
5878,浙江
5879,江西
5880,广西
5880,合浦
5881,贵州
5881,观山
5882,河北
5883,华夏
5883,京津冀三
5885,上海市
5885,上海
5886,单
5886,齐鲁
5886,山东
5887,敦化市
5889,江苏
5889,江宁区
5890,文旅厅
5890,新疆
5891,山西
5892,贵州
5892,观山
5893,陕西
5894,福建
5895,江苏
5895,阜宁
5895,金沙湖
5896,四川
5896,赤水
5897,天津市
5897,天津
5897,北京
5898,云南
5899,赏非
5899,北京
5900,新疆
5901,宁夏
5902,辽宁
5903,辽宁
5904,广西
5905,广西
5905,将分
5906,上海
5906,江苏
5907,新疆
5907,华夏
5907,田地区
5909,阿尔山市
5909,内蒙古
5909,兴安盟
5910,美国
5913,黄皮
5914,海南
5915,大新
5916,湖北
5916,蒙古
5916,俄罗斯
5917,新疆
5917,英
5917,英吉沙
5917,阿合奇
5917,柯尔克孜
5917,新源
5917,俄
5917,阿克陶
5917,美国
5917,华
5918,福建
5918,闽
5918,鼓楼
5919,福建
5919,闽
5919,鼓楼区
5921,甘肃
5921,临泽
5921,倪家
5923,兴
5924,普定
5925,宁夏
5926,江西
5926,珠田乡
5926,越
5927,河南
5928,浙江
5929,北京
5930,海南
5931,广西
5931,卡通剧
5932,山西
5933,浙江
5934,山东
5935,福建
5935,闽
5936,海南
5936,美兰区
5938,福建
5939,北京
5941,广西
5941,阳朔
5941,裔聚
5941,富川
5941,荔浦
5941,临桂
5941,葡萄镇
5942,北京
5942,陕西
5942,甘肃
5943,大方
5944,广西
5945,山西
5946,黎平
5947,湖北
5949,青海
5949,湟源
5951,敦煌
5952,北京
5952,内蒙古
5953,江西
5954,湖南
5954,宁乡
5955,曲江
5955,河北
5955,赵国
5957,上海
5958,霍尔果斯
5959,湖北
5960,宁夏
5961,河南
5962,青海
5963,云岩区
5965,延吉
5966,宁夏
5967,河南
5968,甘肃
5969,广西
5969,西乡塘区
5970,新华路
5970,南明区
5970,南明
5972,高雄
5972,北京
5974,靖远
5975,靖远
5976,郏
5976,河南
5976,东小巷
5976,东大街
5976,西环路
5977,云南
5978,河曲
5979,贵州
5980,广东
5980,湖北
5980,鄂粤
5981,西林
5982,辽宁
5982,苏家屯区
5983,甘肃
5983,陕甘
5984,陕西
5986,北京
5987,敦化市
5988,贵州
5991,湖南
5991,日本
5992,云南
5992,红河州
5993,西藏
5993,曲松
5994,上海
5995,上海
5995,浦东
5998,甘南州
5998,委
5998,兰州
5998,甘肃
5998,江苏
5998,川陕
5998,川
5998,康养游
5999,陕西
5999,三原
5999,康养三原
6000,海南
6001,海南
6001,贵德
6002,河南
6003,贵州
6003,云岩区
6003,云岩
6004,贵州
6005,浙江
6005,温宿
6006,新疆
6006,河南
6006,沙雅
6008,海南
6009,伊宁市
6010,美国
6010,贵州
6011,广西
6012,广西
6012,港口区
6013,敦化市
6014,敦化市
6015,湖南
6016,广东
6016,广西
6017,内蒙古
6017,山西
6017,萨拉乌
6018,海南
6021,湖南
6021,双牌
6022,河南
6022,新
6023,宁夏
6024,吉林
6025,河南
6025,潦河镇
6025,蒙古
6025,龙王沟
6026,河北
6026,天津
6026,李大人
6027,鲁山
6028,福建
6028,周宁
6028,玛坑乡
6030,陕西
6030,礼泉
6031,兰州市
6032,兰州市
6032,山西
6033,辽宁
6035,北京
6036,云南
6037,广西
6038,海南
6039,广西
6039,陕西
6040,福建
6040,湖里区
6041,湖北
6042,河北
6044,江苏
6046,内蒙古
6046,江苏
6047,贵州
6048,湖北
6048,武昌区
6048,武昌
6049,金城
6049,兰州
6049,浙江
6049,上虞
6050,上海
6050,山东
6051,云南
6051,旧址
6052,江西
6053,福建
6054,河北
6055,河南
6057,江西
6057,景·共绘百
6058,敦化市
6059,武鸣
6060,广西
6061,广西
6061,兴宁
6061,美国
6062,福建
6063,河南
6064,河南
6065,石碌
6065,海南
6065,昌江
6065,黄金城
6066,陕西
6066,西咸
6066,韩城市
6066,吴起
6067,河南
6069,易
6070,广西
6071,河北
6074,西藏
6077,辽宁
6079,福建
6080,陕西
6080,陕北
6082,浙江
6082,中国
6082,日本
6082,韩国
6084,宁夏
6084,光大
6084,山西
6085,新疆
6087,山东
6088,兰洋镇
6088,海南
6089,上海
6089,大场镇
6090,云南
6091,内蒙古
6091,康巴什
6094,广西
6094,青秀区
6095,息烽
6095,苗乡
6097,兰州市
6098,广东
6098,广西
6098,越南
6098,龙州
6100,浙江
6101,新疆
6102,容
6102,粤
6103,黑龙江
6104,北京
6104,河南
6105,延吉市
6105,延吉
6106,吉林
6106,敦化市
6107,广西
6107,卡赏花
6108,广西
6108,卡赏花
6110,山西
6112,河南
6112,英庄镇
6113,西林
6114,美国
6114,上海
6114,上海市
6114,宁区
6116,敦煌
6117,贵州
6119,海南
6122,山西
6123,广西
6124,安徽
6124,肥西
6126,四川
6126,川
6127,四川
6129,海南
6130,上海
6130,上海市
6131,辽宁
6132,斯文门
6132,辽宁
6133,北京
6134,江苏
6136,甘肃
6136,古浪金
6137,天津
6139,福建
6142,新疆
6143,福建
6143,西洋
6143,中式
6143,台山
6144,湖北
6144,福建馆
6144,闽南
6144,福建
6144,闽式
6144,武夷山
6144,鼓浪屿
6144,泰宁
6144,英国
6144,法国
6144,葡萄牙
6145,新疆
6146,新疆维吾尔
6146,新疆
6147,昌江
6147,海南
6148,龙泉
6149,湖南
6150,敦煌
6150,甘肃
6150,北凉
6150,西凉
6151,贵州
6152,新疆
6152,田地区
6153,榆中
6153,兰州市
6154,江西
6154,福建
6155,浙江
6156,甘肃
6157,重庆市
6157,重庆
6158,悉尼
6158,北京
6158,河北
6158,黑龙江
6158,吉林
6158,辽宁
6158,内蒙古
6158,新疆
6159,北京
6159,河南
6159,南窖乡
6159,黄山店村
6160,江苏
6161,萧太
6161,北京
6162,北京
6163,海南
6164,青海
6164,大
6165,江苏
6165,伯渎
6166,江苏
6167,山东
6168,山东
6169,贵州
6171,河南
6172,西藏山南市
6172,贡嘎
6173,浙江
6174,江苏
6174,惠山区
6175,陕西
6176,贵州
6176,美国
6176,镇远
6178,中国
6178,日本
6179,福建
6180,田东
6182,山东
6184,容
6184,广西
6186,江苏
6186,贵州
6188,海南
6189,内蒙古
6190,墨玉
6190,新疆
6190,安徽
6190,田地区
6191,四川
6191,苍溪
6192,广西
6192,廉于心
6193,陕甘
6193,陕西
6193,宁夏
6193,甘肃
6193,四川
6194,上海
6195,陕西
6195,中加
6195,巴黎
6195,北京
6196,河曲马
6196,陕西
6196,卡景点
6198,吉林
6199,杨北
6199,上海
6201,北京
6203,肥西
6204,四川
6206,四川
6207,福建
6207,河南
6208,泗
6208,泗州戏
6209,四川
6210,青海
6211,鼓楼区
6212,甘肃
6212,敦煌
6213,西藏
6213,江苏
6213,拉萨文
6214,华蓥山
6214,四川
6215,湖南
6215,安化
6215,梅城镇
6216,湖北
6216,湖南
6217,甘肃
6217,河州
6218,海南
6219,湖北
6219,越南
6219,泰国
6219,萨摩亚
6219,圣多美和普林西比
6220,海南
6220,美兰区
6221,浙江
6221,临安
6221,川湾
6221,建德
6221,中国
6223,河北
6224,河北
6225,广西
6225,广西壮族
6226,伊犁州
6228,河南
6228,东京
6228,灵宝市
6228,台前
6230,黑龙江
6231,高
6231,高政府
6232,新疆
6232,布尔津
6233,重庆
6233,四川
6234,福建
6235,山东
6237,阿联酋站
6237,阿联酋
6237,倪坚
6237,驻华
6238,印象西湖
6240,四川
6241,北京
6241,台湖
6241,京津冀三
6242,云南
6243,广西
6244,四川
6245,广东
6246,韩国
6246,中国
6249,江西
6250,沂源
6250,沂
6250,广东
6250,李怀杰
6252,敦煌
6253,塔
6253,北京
6253,新疆塔
6257,北京
6257,江苏
6258,黄岩
6258,浙江
6259,吉林
6260,浙江
6261,黑龙江
6261,甘南
6262,安徽
6262,北京
6262,黄故
6263,贵州
6263,广东
6264,广西
6265,天津
6265,杨柳青
6266,湖南
6267,北京
6268,福建
6268,蕉城区
6271,吉林
6272,北京
6274,浙江
6274,临海
6274,西兴镇
6274,嵊州
6274,天台山
6277,上海
6277,湖南
6277,湘
6278,云南
6279,海南
6280,美文化
6280,四川
6282,四川
6283,广东
6284,甘肃
6285,永登
6286,禹
6286,新疆
6286,云南大理
6287,甘肃
6288,江西
6289,广西
6290,宝丰
6290,英
6290,英口
6291,陕西
6292,昌江
6293,新疆
6294,新疆
6295,金
6295,城关
6296,巴黎
6296,阿富汗
6297,福建
6298,上海
6298,上海市
6299,上海
6299,日本
6300,北京
6300,上海
6300,北洋
6300,广东
6302,福建
6302,大陆
6302,闽
6303,华夏
6303,万方乐奏有于阗
6303,新疆
6305,福建
6305,闽
6308,福建
6308,福建武夷山
6309,江西
6310,江苏
6310,金湖
6311,重庆市
6311,重庆
6311,窗口区
6312,冬枣
6312,王评选
6313,新密市
6315,北京
6315,北京坊
6318,陕西
6319,观山
6320,北京
6321,陕西汉
6321,陕西
6323,贵州
6324,山西
6325,广西壮族
6325,广西
6326,贡嘎
6326,日本
6326,西藏
6327,白沙
6327,黎族
6328,广西
6328,融安
6329,山东
6330,贵州
6330,普定
6331,融水
6331,苗族
6332,美国
6335,安图
6337,海南
6337,昌江
6337,云赏
6338,贵州
6339,吉林长
6339,白山脉
6339,新疆阿尔泰
6340,安贞
6340,北京
6341,海南
6341,琼
6342,广东
6342,南山区
6342,粤
6343,贵州
6344,北京
6344,北京城
6344,北京古
6345,海南
6345,婚拍
6347,江西
6348,西藏
6348,安徽
6348,湖北
6348,湖南
6348,藏文化
6348,文旅厅
6349,北京
6349,美国
6350,四川
6351,四川
6352,广西
6354,贵州
6354,高寨
6354,布依
6355,江苏
6355,浙江
6355,上海
6355,澳门
6355,北京
6355,安徽
6356,广西
6356,瑶族
6356,富川瑶族
6357,黔东南州
6359,甘肃
6359,兰州市
6360,北京
6361,内蒙古
6362,广东
6362,粤
6363,荷兰
6364,广西
6365,四川
6365,泸
6366,新疆
6366,阿瓦提
6367,观山
6367,贵州
6367,金元
6368,山东
6369,辽宁
6370,共探
6371,湖南
6373,江西
6373,港澳
6373,广东
6374,福建
6374,连江
6376,南洋
6376,沭阳
6376,桑墟
6379,云南
6380,广东
6380,花都区
6380,关岭古
6380,贵州
6380,关岭
6381,江苏
6381,吴江
6382,云南
6382,广西
6382,粤
6383,上海市
6384,兰州
6385,新疆
6386,新疆
6386,上海市
6386,浦东
6387,黑龙江
6387,文旅厅
6388,福建
6388,贵州
6389,福建
6390,新疆
6391,日读
6392,河南
6393,香港
6394,山西
6395,宁夏
6396,乐平市
6396,江西
6397,湖南
6398,海南
6398,临高
6399,山西
6399,荷兰
6399,意大利
6399,沪商会
6399,晋
6400,新疆
6400,哈巴河
6401,平遥
6401,山西
6401,民国
6402,广西
6403,北京
6405,山东
6406,广西
6406,文清风
6410,西藏
6411,北京
6411,江西
6412,霍邱
6412,龙潭镇
6412,安徽
6413,广西
6414,云南
6415,保
6416,上海
6417,浙江
6418,久治
6419,福建
6420,吉林
6422,湖北
6423,湖北
6425,嘉禾
6426,甘肃
6426,文旅厅
6427,云南
6429,四川
6429,重庆
6429,巴
6431,福建
6431,闽
6432,广西
6433,山西
6434,闽
6434,大陆
6434,福建
6434,台湾
6434,台
6436,山东
6437,湖南
6439,江西
6440,江西
6441,四川
6441,双流
6442,广西
6443,云南
6444,苗族
6445,江西
6445,井冈山
6445,吉安
6447,南安市
6447,福建
6448,岁季
6448,北京
6449,广西
6450,上海
6453,新疆
6453,塔里木歌
6453,浙江
6454,广西
6455,贵州
6456,广西
6456,忻城
6456,粤
6456,信宜市
6457,四川
6458,久治
6459,海南
6460,北京京
6461,新安镇
6462,海南
6462,定安
6462,临高
6464,陕西
6465,甘肃
6466,北京
6467,巴蜀
6468,台
6469,文旅厅
6469,广西
6470,辽宁
6471,辽宁
6472,京津冀三
6473,金声玉振
6473,江苏
6473,海州
6473,望海
6473,海州区
6474,乳山
6474,辽宁
6474,美国
6476,广西
6476,广西壮族
6477,海南
6478,新疆
6479,泰国
6479,贵州
6480,海南
6481,浙江
6481,王坛
6482,上海
6482,上海市
6482,北外滩
6484,容
6485,马尔康
6485,马尔康市
6485,嘉绒
6486,广西
6486,岭南
6487,比如
6489,敦化市
6491,上海
6493,广西壮族
6493,广西
6494,瑶族
6494,北京
6494,广西
6494,广西壮族
6494,日本
6494,泰国
6495,广西
6495,上林
6496,广西
6497,广西
6498,安徽
6499,浙江
6499,以羊
6500,山东
6501,洞口
6502,河南
6505,江西
6506,青海
6508,江西
6509,中林卡乡
6510,河南
6511,中华五千
6511,华夏
6512,河南
6512,鲁山
6513,安徽
6514,安徽
6514,西河
6516,河南
6516,鲁山
6517,内蒙古
6517,康巴什
6518,内蒙古
6518,清水河
6519,内蒙古
6519,清水河政府
6519,永续不绝
6521,江西
6522,茅台镇
6522,江西
6522,福建
6522,广东
6522,贵州
6522,四川
6522,甘肃
6522,宁夏
6523,江西
6523,茅台镇
6523,巧渡
6523,福建
6523,广东
6523,贵州
6523,四川
6523,甘肃
6523,宁夏
6524,万宁市
6526,辽宁
6526,朝鲜族
6527,启东
6527,苏晓琳
6527,江苏
6528,安徽
6529,林州市
6529,河南
6530,通渭
6531,安徽
6531,美国
6532,安徽
6532,新疆
6532,古都西安
6532,陕西
6533,四川
6537,湖南
6537,浏阳市
6537,张坊镇
6537,湘鄂
6537,浏阳
6538,广西
6539,河南
6539,西华
6541,湖北
6542,福建
6543,四川
6544,内蒙古
6544,察右
6544,后旗
6545,黎平
6545,平好
6545,黔东南州
6547,内蒙古
6547,山西
6547,陕西
6547,河南
6547,湖北
6548,江苏
6548,句容
6548,句容市
6548,茅山
6548,宝华山
6549,新疆
6549,库车市
6549,龟兹
6549,北京
6549,库车
6550,福建
6550,两岸
6550,闽
6550,台
6551,广西
6551,内湖
6552,广西
6553,三星堆
6553,金沙
6553,四川
6553,广汉三星堆
6554,广西
6557,江苏
6558,安徽
6558,美国
6559,四川
6559,金牛区
6559,西华
6560,上海
6561,广西
6561,龙胜
6562,四川
6563,四川
6563,金沙
6564,河南
6565,广东
6565,南山区
6566,贵州
6567,四川
6569,天津市
6570,江苏
6572,广西
6573,四川
6576,川
6576,四川
6579,广西
6587,河北
6588,重庆
6593,陕西
6594,陕西
6596,轻文化
6597,轻文化
6598,安徽
6599,黑龙江
6603,北京
6603,新疆
6607,天津
6607,沪
6608,四川
6610,四川
6610,彝文化
6612,福建
6613,上海
6614,上海市
6614,上海
6615,广西壮族
6615,广西
6617,浙江
6618,江苏
6620,江西
6620,海参崴
6620,巴黎
6620,上海
6620,抗日
6621,新疆
6622,北京城
6623,江苏
6623,金陵
6625,黑龙江
6626,河北
6626,山海关
6627,河北
6628,河南
6629,河南
6634,甘肃
6638,黎平
6640,北京
6641,美国
6641,大汶口
6641,黑龙江
6641,西藏卡
6641,广东
6641,台湾
6642,江苏
6642,虎丘
6643,江苏
6644,上海市
6644,上海
6644,安徽
6644,祁门
6645,江苏
6646,江西
6647,重庆
6647,重庆市
6648,花溪
6649,宁夏
6650,巴
6652,浙江
6653,光大
6654,湖北
6654,郧西
6656,广西
6656,广西壮族
6658,义乌
6659,西藏
6661,重庆
6661,巴蜀
6662,山西
6663,山东
6664,浙江
6664,磐安
6664,金山
6665,根脉
6665,四川
6666,江苏
6666,法国
6666,中国
6666,法
6669,云南
6670,辽宁
6670,白清
6672,安源
6674,岚
6675,渝西
6675,巴
6677,中国
6677,文化季
6678,西林
6680,海南
6681,晋源区
6681,晋源
6681,山西
6681,晋阳
6683,江西
6684,四川
6685,长沙江背镇
6686,上海
6687,毕婉
6688,交城
6689,海南
6690,马来西亚
6690,马来
6690,南洋
6691,泗
6692,西乃至
6692,甘肃
6692,敦煌
6693,广东
6693,粤
6694,寿光
6694,山东
6696,江苏
6697,陕西
6697,宜川
6698,广东
6698,旅游云
6699,中意
6699,佛罗伦萨
6699,意大利佛罗伦萨
6701,贵州
6703,安徽
6704,陕西
6704,陕
6706,光大
6707,河北
6708,台北
6708,台湾
6708,江苏
6708,两岸
6709,德
6709,瑶族
6709,兴安
6710,江苏
6710,以春
6710,上海
6710,沪
6711,四川
6714,京都
6714,美国
6714,香港
6715,陕西
6716,三星堆
6716,河南
6717,北京
6718,雷山
6718,贵州
6720,安徽
6720,美国
6720,中国
6721,西藏
6722,敦化市
6722,吉林
6723,贞丰
6723,城旅
6725,汇川区
6725,贵州
6726,湖北
6726,西藏
6726,上海
6727,福建
6727,闽
6727,杭街区
6728,江苏
6728,蜀地
6728,四川
6728,河北
6728,河南
6729,河南
6729,河北
6729,临淄
6729,宛
6729,四川
6730,姑苏
6730,江苏
6736,泉
6736,泉港区
6736,泉港
6736,福建
6737,宁夏
6739,江西
6741,贵州
6744,河北
6744,云剧
6745,河北
6746,滇
6750,湖北
6751,青海
6751,德令哈市
6751,循化
6753,富裕
6755,上海
6755,上海市
6756,兴城
6758,山城区
6758,石林镇
6759,广东
6760,上海
6762,辽宁
6763,三里屯
6766,盐池
6767,浙江
6767,路桥区
6768,香港
6769,北京
6769,内蒙古
6770,广东
6770,宁夏
6771,凤阳
6771,钱杆子舞
6772,唐朝
6773,北京
6776,海南
6777,富平
6777,抗日
6777,德
6778,贵州
6779,重庆
6780,四川
6780,翠屏区
6781,吉隆坡
6782,山西
6782,河南
6782,甘肃
6782,安徽
6782,重庆
6783,宁夏
6783,南长滩村
6785,湖南
6785,旅大
6786,香港
6786,港澳
6786,唐朝
6787,鲁山
6788,法国
6788,英国
6789,马来西亚
6790,黎族
6790,白沙
6790,海南
6792,苏
6793,北京
6794,郧阳
6795,广东
6795,开平
6795,岭南
6796,北京
6798,福建
6800,辽宁
6800,和平区
6801,辽宁
6801,马耳山
6801,苏家屯
6806,山东
6809,新疆
6810,贵州
6811,西藏
6812,江西
6813,四川
6814,观山
6815,福建
6815,连江
6815,温麻
6816,山西
6818,山东
6819,青海
6819,黄南州
6819,海南
6819,海北环
6819,玉树州
6819,果洛州
6820,四川
6822,贵州
6823,以
6823,德
6823,德经商
6823,以德为先
6824,德化
6825,陕西
6826,北京
6826,松秀园
6827,湖北
6828,辽宁
6829,山西
6830,陕西
6830,秦岭书画
6830,美国
6832,北京
6834,重庆
6835,慈溪
6835,浙江
6835,慈溪市
6836,湄潭
6837,浏阳
6837,文家
6837,浏阳市
6839,湖北
6839,屈原
6840,河南
6841,江苏
6841,南湖东路
6842,古码头
6842,广西
6843,湖北
6844,辽宁
6845,海南
6848,湖南
6849,广西
6849,广西南宁
6850,河北
6851,北京
6852,兰州市
6852,兰州
6854,邓州市
6855,浙江
6857,山西
6857,尧都临汾
6859,安徽
6860,毛南族
6862,广西
6862,忻城
6862,大塘镇
6862,木兰村
6864,江西
6865,北京
6868,以戏
6868,江西
6869,贵州
6870,江西
6871,四川
6872,和平区
6872,辽宁
6873,河北
6874,上海
6875,上海
6878,福泉
6878,福泉市
6879,奉化
6879,嵊州
6879,浙江
6880,六枝特区
6880,以香
6880,贵州
6880,平坝区
6880,广东
6882,海安
6882,文化强
6884,雨花台区
6884,江苏
6885,广东
6885,贵州
6885,傩戏团
6885,日本
6885,凯空
6886,河南
6887,金沙
6887,三星堆
6887,李庄
6891,福建
6892,贵州
6892,北京
6892,上海
6893,斐济
6893,加尼劳
6894,福建
6898,上海
6898,东岸世
6899,台湾
6899,敦煌
6899,两岸
6900,广西
6901,中国
6901,日本
6901,韩国
6901,四川
6901,蜀地
6902,邓州市
6903,尤溪
6904,贵州
6905,韩国
6909,吉林
6911,天津市
6912,海南
6915,河南
6915,鹿邑
6915,老子
6915,兴城
6916,浙江
6917,江西
6920,河南
6921,广东
6922,宝丰
6922,北张庄村
6924,柏林
6924,德国
6924,柏林市
6925,新疆
6925,浙江
6926,浙江
6926,嘉禾
6927,北京
6928,澳门
6928,上海
6928,上海市
6929,曲阜
6929,山东
6930,北京
6930,内蒙古
6932,南区
6933,海南
6934,山西
6935,陕西
6936,广东
6937,广东
6941,西藏
6942,北京
6943,北京
6943,王府井
6944,广东
6944,岭南
6944,利亚
6945,浙江
6946,安徽
6948,江西
6950,广东
6950,粤
6953,辽宁
6956,新疆
6957,甘肃
6957,敦煌
6958,北京
6959,北京
6960,上海
6961,四川
6962,安徽
6962,山东
6962,湖北
6962,江苏
6962,盱眙
6963,贵州
6965,苗族
6966,怀仁
6967,徽州区
6968,山东
6970,新中国
6973,新街
6973,福建
6973,中山路
6973,金鱼巷
6974,北京
6974,希腊雅典
6974,法国
6974,巴黎
6974,希腊
6974,雅典
6975,俄罗斯
6975,日本
6975,上海
6976,中国
6976,日本
6977,河南
6978,以庞
6978,平南
6978,北京
6978,永定
6980,阿尔山市
6981,新疆
6982,北京
6986,上海
6987,江西
6987,乐安
6988,川西
6988,香格里拉
6988,四川
6989,上海
6989,上海市
6992,河北
6993,上海
6993,驻演
6993,伦敦
6994,洛)
6994,青海
6995,北京
6995,京津冀三
6996,陕投
6997,内蒙古
6997,美国
6999,青海
7000,胖品
7002,北京
7003,广东
7003,南山区
7005,辽宁
7006,云南
7007,江西
7011,松潘
7013,河南
7013,陕西
7013,巩义
7014,陕西
7014,抗日
7014,河南
7015,日本
7016,四川
7017,广西
7018,莒
7021,福建
7022,嘉善
7022,上海
7022,平湖市
7022,桐乡
7024,海南
7025,天津市
7025,天津
7026,广西
7027,青海
7027,莫落
7027,伊哇沟
7033,辽宁
7036,河北
7036,迁西
7038,吉林
7039,印象太极
7039,温
7039,古贤村
7039,陈家沟
7039,河南
7039,贯晨
7040,四川
7040,苏坡
7040,青羊区
7042,北京
7043,粤
7043,澳门特区
7043,广东
7043,澳门
7044,北京
7044,印
7045,深
7045,澳
7045,澳门
7046,北京
7048,澳大利亚
7048,悉尼
7048,曼利
7048,华
7049,盐田区
7049,广东
7050,北京
7053,川剧
7053,新津
7054,甘肃
7054,敦煌
7054,中国
7054,日本
7054,韩国
7057,浙江
7058,万宁
7058,万宁市
7059,四川
7060,青海
7060,西藏
7060,山东
7061,河北
7062,米箩
7063,澳大利亚
7063,堪培拉
7064,浩特市
7064,武川
7064,内蒙
7064,内蒙古
7065,河南
7066,河南
7067,福建
7068,华
7069,伦敦
7069,英国
7070,伦敦
7070,英国
7070,山东
7070,拉格
7071,北京
7072,河南
7073,伦敦
7073,余颖
7073,英
7073,英国
7074,敦煌
7075,广东
7075,广清
7076,广东
7077,广东
7077,美国
7078,广东
7080,福建
7081,北京
7082,陕西
7083,黎族
7083,大三亚
7084,广西南宁
7084,广西
7085,浙江浦江
7085,浙江
7086,浙江浦江
7086,浙江
7086,中国
7087,浙江浦江
7087,浙江
7088,浙江浦江
7088,浙江
7089,浙江
7090,美兰区
7090,海南
7091,江苏
7092,安徽
7093,宁夏
7095,湖南
7095,浙江
7095,江苏
7096,北京
7097,金山
7097,北京
7098,河北
7098,内丘
7098,贵州
7098,湖南
7098,苗族
7098,花垣
7098,麻栗场
7098,安徽
7103,山东
7103,齐鲁
7103,曲阜
7104,上海
7104,东京
7104,伦敦
7104,纽约
7105,广东
7106,浙江
7107,广东
7109,青海
7109,日西宁
7110,文化季
7110,浙江
7111,上海
7112,北京
7114,北京
7115,北京
7117,上海市
7118,北京
7120,安宁市
7121,云南
7122,广东
7122,岭南
7124,重庆
7125,日本
7126,内蒙古
7127,四川
7128,重庆
7130,北京
7130,中国
7130,日本
7130,韩国
7130,浙江
7130,敦煌市
7130,九州市
7131,北京
7133,以艺
7139,港澳
7139,澳
7139,香港
7139,澳门
7145,浙江
7146,浙江
7148,四川
7149,上海
7150,新疆
7150,霍城
7150,芦草沟镇
7150,伊州区
7150,塔瓦库勒乡
7152,内蒙古
7152,巴林左旗
7152,辽宁
7152,浙江
7155,广东
7156,云南大理州
7156,沙溪镇
7156,浙江
7158,玫瑰种
7158,玉山
7160,陕西
7160,柞水
7161,北京
7162,北京
7163,江西
7164,卢森堡
7166,云演
7169,报国寺
7170,上海
7170,江苏
7172,刘玉梅
7173,布达佩斯
7174,重庆
7174,重庆市
7174,大陆
7174,两岸
7175,香港
7176,香港
7177,香港
7178,悉尼
7178,新中国
7178,中国
7178,巴新
7179,湖北
7179,宜兴
7180,乌兰巴托
7180,蒙古国
7181,圣保罗
7181,巴西
7182,广东
7183,广西
7183,广西南宁
7184,河内
7184,越南
7184,中国
7184,越
7185,哈瓦那
7185,古巴
7185,日本
7186,福建
7186,台湾
7187,东京
7187,日本
7187,藏文化
7188,东京
7188,日本
7188,文化焕
7189,北京
7190,北京
7191,北京
7191,严从紧
7192,北京
7193,北京
7194,北京
7194,新疆
7195,北京
7196,北京
7197,北京
7197,福建
7198,北京
7199,北京
7200,北京
7201,北京
7202,北京
7202,台独
7203,北京
7203,台独
7204,北京
7204,湖北
7205,北京
7206,柏林
7206,哈萨克斯坦
7206,德国
7206,俄罗斯
7206,上海
7206,安徽
7206,陕西
7206,兰州
7206,霍尔果斯
7206,阿拉木图
7207,法国
7208,河南
7209,福建
7209,闽
7211,香港
7212,香港
7214,西藏
7216,文载道
7217,福建
7217,文化焕
7219,四川
7220,广东
7222,海南
7222,黎族
7222,大安镇
7222,西黎村
7223,西藏日土
7224,婺源
7226,土耳其
7227,土耳其
7228,玉桥
7228,博白
7228,广西
7229,光大
7232,福建
7232,闽西
7234,江苏
7234,美国
7235,福建
7238,德国
7240,新疆
7240,蒙古
7243,浙江
7243,德清
7244,北京
7245,辽宁
7246,西藏
7248,西藏
7249,内蒙古
7250,西藏
7251,云南省普洱市
7251,广东
7251,云南
7252,辽宁
7252,振兴区
7253,西藏
7253,尼木
7253,墨竹工卡
7256,浙江
7258,平潭
7258,福建
7259,甘肃
7260,湖南
7261,四川
7262,辽宁
7262,俄
7262,俄罗斯
7262,中国
7263,西藏
7263,察隅
7263,尼木
7264,辽宁
7265,西藏
7266,广东
7266,中国
7266,日本
7266,韩国
7267,福建
7267,闽
7267,美国
7267,日本
7267,菲律宾
7267,马来西亚
7267,英国
7267,法国
7267,新加坡
7267,澳大利亚
7267,阿根廷
7271,辽宁
7271,台安
7272,广东
7273,福建
7274,福建
7276,市中区
7276,钟灵毓秀
7276,山东
7278,辽宁
7278,绥中
7278,永安堡乡
7279,浙江
7280,四川
7281,河北
7282,河北
7283,北京
7285,安徽
7286,安徽
7288,江西
7290,深
7290,澳
7290,广东
7290,坂田
7290,粤
7290,澳门
7292,河南
7295,贵溪
7295,江西
7296,江西
7296,金溪
7297,浙江
7297,嘉善
7297,上海市
7297,江苏
7297,安徽
7299,九台
7300,江西
7301,安徽
7304,安徽
7305,浙江
7305,松阳
7306,巴西
7306,德国
7306,英国
7306,伦敦
7307,重庆
7307,重庆市
7308,重庆
7308,街小巷
7309,重庆
7310,重庆
7311,重庆
7312,重庆
7313,重庆
7313,云南
7313,七彩云南
7314,重庆
7314,重庆市
7315,重庆
7316,重庆
7316,双桂镇
7316,石桥村
7317,重庆
7318,重庆
7319,重庆
7319,四川
7319,贵州
7319,云南
7320,重庆
7321,重庆
7322,重庆
7323,重庆
7324,重庆
7325,重庆
7326,重庆
7326,阴米
7327,重庆
7328,重庆
7328,重庆市
7329,重庆
7329,重庆市
7330,重庆
7331,重庆
7331,重庆市
7331,缙云山
7331,江北城
7331,川剧院
7331,巴渝
7332,重庆
7332,重庆市
7333,重庆
7334,重庆
7334,重庆市
7334,汉阙
7334,忠州
7334,光大
7335,重庆
7335,四川
7336,浙江
7337,首尔
7337,韩国
7337,河南
7338,广东
7339,广东
7339,北京
7339,香港
7340,广东
7340,粤
7340,珠江游
7341,广东
7341,粤
7341,从化
7341,增城
7341,佛冈
7341,增城区
7341,清新区
7341,清城区
7341,广清
7342,广东
7342,紫金
7342,海丰
7342,普宁
7343,广东
7344,广东
7345,北京
7346,北京
7349,四川
7350,四川
7351,四川
7352,山东
7353,重庆
7353,南岸区
7353,安徽
7353,重庆市
7354,北京
7354,希腊雅典
7354,法国
7354,巴黎
7355,河南
7356,青海
7356,光大
7357,江西
7358,青白江区
7359,重庆
7359,兴隆镇
7359,龙溪
7361,美国
7362,北京
7363,北京
7363,西摩
7364,四川
7365,南川广元
7365,重庆
7365,四川
7367,山东
7368,河北
7369,浙江
7370,四川
7371,昌江
7371,黎族
7372,旧库房
7372,王府井
7373,广东
7374,辽宁
7375,上海
7375,旅线路
7376,潘家园
7377,兰州市
7378,云南
7378,金沙
7379,西藏
7380,广东
7381,日本
7381,天津市
7382,广东
7382,港
7383,布达佩斯
7383,匈牙利
7384,四川
7385,重庆市
7385,云阳
7387,浙江
7388,福建
7388,石狮
7389,洋浦
7391,北京
7391,沪
7391,新疆
7391,四川
7391,山东
7392,重庆
7392,北碚缙云山
7393,河北
7393,京张
7394,吉林
7395,浙江
7395,版博
7396,内蒙古
7397,青海
7397,海南
7398,四川
7399,广东
7399,汉服馆
7400,四川
7401,海南
7402,四川
7403,江西
7404,福建
7406,琼结
7407,青海
7408,内蒙古
7409,江西
7410,江苏
7410,千年古镇
7411,海南
7412,江西
7413,吉林
7414,内蒙古
7415,重庆
7415,两江
7415,北京
7416,安徽
7416,辽宁
7416,天津
7416,山东
7416,山西
7416,河南
7416,浙江
7416,湖南
7416,湖北
7416,四川
7416,江西
7416,福建
7416,广西
7417,青海
7418,广西
7419,广东
7420,四川
7420,双流
7421,安徽
7424,延吉市
7424,延吉
7426,广东
7426,浙江
7427,江西
7428,江西
7429,梨树
7429,吉林梨
7430,江西
7430,珠山区
7431,桦甸市
7432,岑溪市
7432,广西
7432,粤
7434,龙岗区
7434,龙岗
7434,广东
7434,粤
7435,天津
7436,高碑店
7437,北京
7438,北京
7439,染器
7440,荣
7441,江西
7442,辽宁
7443,福建
7444,山东
7444,清区
7444,章丘区
7444,张店区
7444,利津
7444,盐窝镇
7444,高密市
7444,夏津
7445,内蒙古
7446,江苏
7448,福建
7448,大田
7449,山东
7450,西藏
7451,上海
7452,安徽
7453,湖北
7453,推湖
7453,北疫
7454,广东
7455,辽宁
7458,辽宁
7459,安徽
7459,奎湖村
7459,央视频
7460,福建
7460,文旅厅
7460,闽
7460,游奖励
7460,平潭
7461,安徽
7461,枕山
7461,中国皖南古村落
7461,西递
7461,宏村
7461,古匾额
7462,北京
7462,浙江
7462,大东
7463,青海
7464,海南
7465,北京
7466,三秦
7468,浙江
7469,浙江
7469,德清
7470,湖北
7471,湖北
7472,湖北
7472,两江
7474,湖北
7475,红军旧址
7476,上海
7477,波兰
7477,比利时
7478,安徽
7478,当涂
7478,越
7479,蒙古国
7479,辽宁
7479,埃及
7480,河南
7480,甘肃
7481,香港
7482,贵州
7482,榕江
7483,浙江
7483,遂昌
7483,诸暨市
7485,广东
7485,香港
7485,港
7486,广东
7487,吉林
7487,前郭
7489,重庆
7489,四川
7490,浦东
7490,张江镇
7490,上海
7492,安徽
7492,和
7493,江苏
7495,成华区
7495,四川
7495,龙潭
7495,中环
7495,雷倢
7497,天津市
7497,和平区
7497,天津
7498,宁夏
7501,重庆
7503,安宁市
7503,云南
7504,龙泉驿区
7504,广东
7506,美国
7506,河南
7506,鲁山
7508,美国
7509,青海
7509,藏族
7510,浦东
7510,上海
7511,上海
7511,西馆
7511,芊影
7511,菊园
7512,西藏
7513,四川
7513,大邑
7514,北京
7515,浙江
7516,西藏
7522,清泉山
7522,川西
7524,浙江
7524,北京
7524,美国
7525,四川
7526,安宁市
7527,西藏
7527,藏地
7529,湖北
7529,甘肃
7529,敦煌
7531,安义
7532,辽宁
7535,北京
7536,福建
7539,藏棋
7539,西藏
7541,福建
7541,台湾
7542,上海
7543,中华五千
7544,美方
7544,美国
7544,中国
7545,美方
7545,美国
7545,中国
7547,山西
7548,山西
7549,宁夏
7549,中国
7549,法
7550,北京
7551,北京
7552,北京
7553,北京
7554,北京
7554,金海湖
7555,北京
7555,四川
7555,云南
7555,西藏
7555,陕西
7555,福建
7556,夏日园
7557,北京
7558,北京
7559,北京
7560,浙江
7560,北京
7562,香山
7563,北京
7565,北神厨
7565,北京
7566,京城
7567,北京
7568,北京
7569,北京
7570,吉林
7572,北京
7573,北京
7574,北京
7575,北京
7576,北京
7576,日出巷
7577,北京
7578,北京
7578,镇盆窑村
7579,北京
7579,旅联盟
7579,河北
7579,内蒙古三
7580,北京
7581,北京
7583,北京
7584,北京
7585,北京
7585,爱尔兰
7585,芬兰
7585,爱沙尼亚
7585,希腊
7586,北京
7587,北京
7589,北京
7589,西单
7589,新场
7591,北京
7592,染器
7594,紫阳
7594,陕西
7594,榆阳区
7594,潼关
7594,富
7594,北道德乡
7594,东村
7594,府谷
7594,石泉
7595,陕西
7596,北京
7597,陕西
7598,陕西
7598,北京
7599,陕西
7602,重庆
7603,江苏
7604,陕西
7605,江苏
7606,河北
7606,台湾
7608,河内
7608,越南
7609,山西
7611,北京
7611,湖南
7611,四川
7611,花垣
7611,十八洞村
7611,凉山州
7611,昭觉
7611,古蔺
7612,浙江
7613,北京
7613,四川
7614,广东
7615,广东
7615,粤
7617,四川
7618,北京
7619,北京
7620,北京
7621,北京
7622,北京
7622,宁夏
7623,北京
7624,北京
7624,重庆
7625,北京
7626,北京
7627,北京
7627,四川
7627,梓潼
7627,海南
7627,台
7628,北京
7629,北京
7630,北京
7631,北京
7631,波兰
7631,蒙古国
7632,北京
7634,北京
7635,北京
7636,北京
7637,广西
7637,壮族
7638,龙泉
7639,平川区
7639,甘肃
7640,广东
7641,金陵
7641,江苏
7642,京城
7643,吉林
7644,青海
7645,吉林
7647,西藏
7647,安徽
7648,重庆
7649,四川
7650,北京
7650,四川
7650,安徽
7650,蜀山区
7651,四川
7652,阜南
7652,安徽
7653,江西
7654,海南
7654,黎族
7655,上海
7655,西藏
7657,西藏
7657,扎囊
7658,广东
7659,内蒙古
7660,天津
7660,北京
7660,上海
7660,广东
7662,格拉斯小镇
7663,中国
7663,韩国
7664,广东
7664,海南
7665,广东
7665,浙江
7665,江苏
7665,山东
7665,西藏
7665,上海
7665,陕西
7666,广东
7666,内蒙古
7667,四川
7667,中德
7667,中国
7667,德
7668,广东
7669,云南
7670,广西
7671,日本
7671,阿富汗
7672,西藏
7672,安徽
7673,四川
7674,山东
7675,青海
7676,洋浦
7677,内蒙古
7678,广东
7679,内蒙古
7681,安徽
7682,沙坪
7682,重庆
7684,浙江
7686,新疆
7686,重庆
7687,吉林
7688,华蓥山
7688,华蓥
7688,华蓥市
7689,江西
7691,阿坝州
7691,若尔盖
7691,广东
7691,四川
7691,马赛
7691,马大会
7691,香格里拉
7692,辽宁
7693,辽宁
7693,北京
7693,金普
7694,江西
7694,巴基斯坦
7695,安徽
7695,青海
7695,太湖
7696,沙
7696,福建
7697,北京
7698,重庆
7699,四川
7700,陕西
7700,泾阳
7701,凭祥市
7702,江西
7703,江苏
7703,苏段
7704,西藏
7705,内蒙古
7707,四川
7707,贡分
7708,北京
7708,日本
7709,江西
7710,重庆市
7710,重庆
7711,内蒙古
7712,浙江
7712,玉环
7712,温岭
7713,南岸区
7713,广阳镇
7713,重庆
7714,甘肃
7714,木游
7714,菊园
7714,平凉乡村
7715,江苏
7716,四川
7717,四川
7720,浙江
7720,余杭区
7720,浙
7721,青海
7722,江苏
7722,金陵
7723,林格尔
7723,内蒙古
7724,青海
7725,青海
7725,拉面
7726,西藏
7726,曲市
7726,天津市
7726,重庆市
7726,福建
7726,巴
7728,江西
7732,大理州
7732,云南
7732,云南碑
7733,江西
7734,四川
7735,浙江
7737,循化
7737,青海
7737,博艺
7738,四川
7738,武侯区
7739,四川
7740,江西
7743,西藏
7745,内蒙古
7746,海南
7747,重庆
7747,美国
7747,重庆市
7748,云南
7749,浙江
7750,四川
7751,四川
7752,重庆
7753,重庆
7754,江西
7755,港
7755,广西
7756,辽宁
7757,广西
7758,上海
7759,江西
7759,重庆
7760,甘肃
7761,海南
7762,雅鱼
7762,四川
7762,西康
7763,青海
7765,广东
7766,江西
7767,北京
7768,桃花村
7769,广东
7769,南头
7769,蛇口
7770,辽宁
7771,北京
7772,湖北
7774,阿曼
7774,马斯喀特
7774,江苏
7774,广东
7774,大唐王朝
7774,浮针
7774,马来西亚
7774,印尼
7775,福建
7775,海城
7776,广东
7776,江苏
7776,清名桥
7777,北京
7778,江西
7779,四川
7779,文旅厅
7779,上海市
7780,湖北
7780,夷陵区
7780,以送
7781,浙江
7781,中国
7782,山东
7782,齐鲁
7783,北京
7784,浙江
7784,广东
7784,安吉
7784,德清
7784,布朗族
7784,傣族
7785,黄梅戏
7786,文旅厅
7786,内蒙古
7787,辽宁
7788,湘西州
7788,湖南
7788,土家族
7788,江西
7789,北京
7790,广东
7791,山东
7791,中国
7791,日本
7791,韩国
7792,福建
7793,甘肃
7794,重庆
7794,新疆
7795,浙江
7796,吉林
7796,北京
7796,东昌区
7798,山西
7799,辽宁
7799,河北
7799,山西
7799,甘肃
7799,青海
7799,明长城东西
7800,湖南
7801,江西
7802,内蒙古
7803,四川
7803,广汉
7803,重庆
7803,大山城
7804,吉林
7805,韩国
7805,江西
7805,中国
7805,日本
7806,浙江
7807,四川
7807,川
7808,四川
7809,福建
7810,香港
7811,西藏
7812,河南
7812,陕西
7813,广东
7814,北京
7815,广东
7815,深圳特区
7815,深汕
7815,潮汕
7815,汕
7816,浙江
7817,四川
7817,新加坡
7818,浙江
7819,吉林
7819,冬雾
7819,吉林雄浑
7820,浙江
7820,海宁
7821,湖北
7821,宜兴
7821,等头部
7822,湖北
7822,浙江馆
7822,浙江
7822,旅金
7823,浙江
7823,桐庐
7824,浙江
7826,东方市
7827,广西
7828,四川
7829,胶州
7829,胶州市
7830,辽宁
7831,浙江
7832,吉林
7833,河南
7833,滑
7833,汤阴
7833,内黄
7835,湖南
7836,海南
7837,福建
7838,江西
7839,四川
7839,阿坝州
7839,甘堡
7839,合·共赴诗
7842,南昌
7842,江西
7843,江西
7844,广东
7845,内蒙古
7845,北京京
7846,惠购
7846,广东
7847,江西
7848,浙江
7848,海盐
7849,四川
7849,银花丝
7849,安徽
7850,义乌市
7850,义乌
7851,江苏
7851,常熟
7852,四川
7852,北川
7854,福建
7855,河南
7856,新疆
7856,喀什古
7857,云南
7860,北京
7861,海南
7862,美国
7868,北京
7869,埃及
7869,开罗
7870,内蒙古
7872,北京
7876,内蒙古
7877,浙江
7877,叶村
7878,河南
7879,福建
7879,闽
7881,浙江
7884,中国
7884,云南
7884,西双版纳州
7884,老挝
7884,马来西亚
7884,孟加拉国
7884,缅甸
7884,越南
7884,多国
7885,兰州市
7886,宁夏
7889,兰州市
7890,甘肃
7891,宁夏
7891,西夏
7892,青海
7893,宁夏
7893,旅游云
7895,西藏
7896,重庆
7897,重庆
7898,科左
7898,阿古拉
7899,浙江
7900,四川
7901,福安市
7901,闽东
